image_id,healthy,multiple_diseases,rust,scab
Test_0,0.10862417,0.007664058,0.8376042,0.04805685
Test_1,0.009941669,0.00043688255,0.9755536,0.011265363
Test_2,0.13938421,0.034820884,0.1444771,0.5753056
Test_3,0.46463683,0.12636308,0.22898515,0.23387472
Test_4,0.0004497568,5.372647e-07,0.9996816,0.00020519091
Test_5,0.93631095,0.0017545936,0.022556188,0.032912746
Test_6,0.8727659,0.010488666,0.03404771,0.09146837
Test_7,0.08619205,0.029207686,0.09055794,0.7175502
Test_8,0.21604691,0.10394421,0.23562165,0.46992314
Test_9,0.077724956,0.0070191636,0.6373203,0.13120878
Test_10,0.12238306,0.015847502,0.025165081,0.77135986
Test_11,0.2454814,0.044501178,0.45346,0.105936445
Test_12,0.22470812,0.13766648,0.41739333,0.3041132
Test_13,0.011771551,0.0017042584,0.379244,0.4177362
Test_14,0.19818063,0.10053218,0.55211735,0.19532645
Test_15,0.22133672,0.010641269,0.6338817,0.033158287
Test_16,0.22743586,0.108660236,0.07215443,0.53771645
Test_17,0.21977074,0.17043723,0.19371058,0.5248899
Test_18,0.21371388,0.070797764,0.08950674,0.5673513
Test_19,0.0015318934,5.340249e-05,0.5567006,0.2638025
Test_20,0.44906002,0.18496491,0.2194524,0.31259215
Test_21,0.3893172,0.200855,0.26214543,0.34201923
Test_22,0.10764914,0.016203092,0.7369506,0.104565695
Test_23,0.26490614,0.18838722,0.30994335,0.35850623
Test_24,0.0845595,0.002171523,0.90046835,0.024273444
Test_25,0.2739858,0.0058499747,0.2077339,0.25384462
Test_26,0.43549138,0.07518522,0.27083617,0.14712356
Test_27,0.0012206249,8.279781e-06,0.9995017,0.00026618206
Test_28,0.45367116,0.07621482,0.27350828,0.23518667
Test_29,0.3386896,0.27450505,0.3155649,0.37083974
Test_30,0.9755746,0.004407267,0.0050912537,0.021649677
Test_31,0.16111459,0.01864174,0.7063329,0.10429375
Test_32,0.6045571,0.10097472,0.14067475,0.1998452
Test_33,0.37272984,0.122110605,0.17700824,0.40047613
Test_34,0.3913124,0.018764166,0.4115975,0.12594424
Test_35,0.20866305,0.012515275,0.034597,0.6614948
Test_36,0.0025906821,2.4060491e-05,0.94713295,0.032071725
Test_37,0.43792033,0.043111507,0.049766026,0.3169888
Test_38,0.070601605,0.01779138,0.10407657,0.71537423
Test_39,0.00087434816,5.341491e-06,0.998039,0.0013478878
Test_40,0.018871117,0.00093244814,0.95991856,0.01759264
Test_41,0.00023611286,3.113812e-06,0.9971818,0.0027681696
Test_42,0.15662523,0.095463604,0.11446905,0.6489692
Test_43,0.15979281,0.049478672,0.5292539,0.21514362
Test_44,0.35539043,0.15884332,0.1599103,0.38614509
Test_45,0.24809393,0.074060924,0.50296175,0.18507136
Test_46,0.8580342,0.019318111,0.020401452,0.08588454
Test_47,0.00307005,0.00032050113,0.9646478,0.035901994
Test_48,1.159608e-05,3.0497047e-09,0.9999969,3.2615135e-06
Test_49,0.3386896,0.27450505,0.3155649,0.37083974
Test_50,0.00021610782,1.1988408e-06,0.99974257,0.00020893011
Test_51,0.17980787,0.030583216,0.6599536,0.12421265
Test_52,0.006772862,5.1806222e-05,0.9908953,0.0018222966
Test_53,1.2525397e-05,6.478397e-11,0.9999989,5.9962116e-07
Test_54,0.80282664,0.020850267,0.07046597,0.09616146
Test_55,0.34760022,0.22870696,0.28625348,0.3383305
Test_56,0.3694881,0.22248618,0.2742309,0.35567516
Test_57,0.24234723,0.017922958,0.38043255,0.2241812
Test_58,0.43876106,0.0113395285,0.27472875,0.14784965
Test_59,0.079161756,0.006647048,0.8788283,0.04023868
Test_60,0.1102932,0.058207665,0.0735341,0.7800382
Test_61,0.48564127,0.20439814,0.1809383,0.24045269
Test_62,0.5008474,0.17258316,0.18911691,0.23017274
Test_63,0.19003248,0.12908338,0.10785668,0.63904935
Test_64,0.33339208,0.103202365,0.37694025,0.24690719
Test_65,0.06836894,0.01467753,0.70225376,0.15311787
Test_66,0.5020015,0.1879697,0.18138923,0.21623278
Test_67,0.0043469425,6.2788706e-05,0.9978725,0.0008590492
Test_68,0.090225875,0.0013681138,0.8822294,0.01149022
Test_69,0.0029339376,4.1579882e-05,0.9966131,0.002150065
Test_70,0.3386896,0.27450505,0.3155649,0.37083974
Test_71,0.36454237,0.06895197,0.21577716,0.31684187
Test_72,0.29918206,0.023640186,0.21100631,0.3207395
Test_73,0.12397916,0.027225366,0.46572736,0.24217267
Test_74,0.48284176,0.000400562,0.29746237,0.02452676
Test_75,0.5646098,0.068879634,0.09647827,0.2418857
Test_76,0.5625729,0.0051339455,0.009679495,0.44314173
Test_77,0.011776339,0.0006198357,0.9385611,0.033660952
Test_78,0.3027572,0.22881342,0.30297932,0.3947537
Test_79,0.025543164,0.0016011992,0.95562994,0.014646839
Test_80,5.360541e-05,6.57286e-09,0.9999638,2.684928e-05
Test_81,0.41677123,0.01383567,0.3921993,0.12405218
Test_82,0.17068374,0.012730882,0.7122213,0.08003482
Test_83,0.3342968,0.005340882,0.2954673,0.08920029
Test_84,0.19970942,0.008997938,0.026779758,0.6632254
Test_85,0.04148377,0.017583761,0.049237937,0.86700314
Test_86,0.18322836,0.018053563,0.6456622,0.059553377
Test_87,0.54001707,0.1330652,0.17336737,0.22153002
Test_88,0.6653314,0.023294056,0.05709162,0.1693693
Test_89,0.323013,0.17023209,0.3637456,0.31463432
Test_90,0.01812231,0.0010535853,0.97399986,0.011021593
Test_91,0.3386896,0.27450505,0.3155649,0.37083974
Test_92,0.07198883,0.020367721,0.048251804,0.8323926
Test_93,0.011173441,0.00023916707,0.98767227,0.005001485
Test_94,0.17266881,0.100551866,0.49748412,0.2358867
Test_95,0.88067776,0.018136516,0.030646438,0.09808193
Test_96,0.79418886,0.0039113276,0.06441895,0.079918444
Test_97,0.42528903,0.16392052,0.16408025,0.30207178
Test_98,0.1265305,0.058437563,0.42740688,0.30470467
Test_99,0.33760637,0.14085002,0.24706466,0.35441378
Test_100,0.30269963,0.077156894,0.15603791,0.38040456
Test_101,0.75069445,0.0023689272,0.1283128,0.0274501
Test_102,0.60626453,0.080302306,0.15729836,0.21492204
Test_103,0.70419526,0.06377718,0.09283433,0.16507357
Test_104,0.64870095,0.039071605,0.110679165,0.2057671
Test_105,0.2250327,0.052698474,0.1291095,0.38907337
Test_106,0.5606491,0.0416704,0.20080161,0.18249524
Test_107,0.06924792,0.0029901583,0.8807347,0.039683573
Test_108,0.18947193,0.06425362,0.080638774,0.6630824
Test_109,0.105167136,0.013775948,0.8162961,0.052424688
Test_110,0.09471584,0.03662661,0.16818225,0.63392603
Test_111,0.24165387,0.061998125,0.2839719,0.354534
Test_112,2.5425346e-05,2.751929e-08,0.99999183,1.1820167e-05
Test_113,0.36019242,0.03782408,0.068530396,0.5310189
Test_114,0.31164703,0.06563215,0.06861857,0.48728916
Test_115,0.39313483,0.09846411,0.3194941,0.2571927
Test_116,2.6304331e-05,5.504204e-09,0.9999963,2.8476397e-06
Test_117,0.008628586,0.0002030431,0.9731829,0.014009474
Test_118,1.16959924e-07,5.9711823e-12,1.0,1.3492885e-08
Test_119,0.9846547,0.00014298377,0.007548159,0.01368281
Test_120,0.23614593,0.067951486,0.48237148,0.22350888
Test_121,0.030791156,0.0037404704,0.9106896,0.036547605
Test_122,0.31556648,0.1323756,0.38815227,0.28916255
Test_123,0.0035883423,5.0820003e-05,0.99830765,0.00072348356
Test_124,0.29589927,0.044672333,0.13203757,0.3700417
Test_125,0.59058887,0.11616695,0.13412914,0.19961837
Test_126,0.9554534,0.00029814715,0.02395868,0.009648541
Test_127,0.12953992,0.018230362,0.73404074,0.08761265
Test_128,0.26550955,0.18551494,0.30684954,0.40513203
Test_129,0.0018569026,1.611176e-05,0.9983541,0.0009516304
Test_130,0.0793698,0.0027086253,0.008004706,0.89776605
Test_131,0.056044165,0.021725336,0.03471931,0.89398867
Test_132,0.9952257,0.00013762878,0.0017210715,0.004090161
Test_133,0.06972923,0.01597152,0.04871052,0.78929704
Test_134,0.48311016,0.051497135,0.05897689,0.34440967
Test_135,0.00012266371,3.066251e-07,0.9999486,3.8521295e-05
Test_136,0.12275451,0.0805515,0.07331137,0.7672598
Test_137,1.1382818e-06,8.2946774e-11,0.99999976,4.3624826e-07
Test_138,0.56553096,0.09826245,0.11320428,0.20994397
Test_139,0.97154534,0.000248721,0.0031853272,0.03639345
Test_140,0.19431037,0.011459167,0.679918,0.035958983
Test_141,0.24146612,0.17329668,0.21193694,0.507632
Test_142,0.2074914,0.10909138,0.3339767,0.39534438
Test_143,0.031265844,0.0039762356,0.5068122,0.2744825
Test_144,0.686994,0.033279948,0.028041823,0.17057711
Test_145,0.11064769,0.06358461,0.053888675,0.8195168
Test_146,0.05451172,0.005936726,0.60520023,0.21066773
Test_147,0.35142192,0.11907021,0.34838846,0.26605844
Test_148,0.33658415,0.25860077,0.32177272,0.36312187
Test_149,0.00028895473,3.2268298e-07,0.999938,3.3550306e-05
Test_150,0.522952,0.07443499,0.12198132,0.2708991
Test_151,0.0023629586,4.0764608e-05,0.998593,0.00069907535
Test_152,8.186918e-07,6.6716896e-11,0.99999946,1.1885884e-06
Test_153,0.4886593,0.13615564,0.18564679,0.28012338
Test_154,0.0022499082,1.4415075e-05,0.99812007,0.00094396004
Test_155,0.012294127,0.0007863371,0.9884745,0.004775931
Test_156,0.14423719,0.035114486,0.15637422,0.387703
Test_157,0.6022604,0.06911765,0.16265225,0.20213155
Test_158,0.08005347,0.046073027,0.03787887,0.8226047
Test_159,0.3298412,0.21155703,0.34220952,0.3387333
Test_160,0.9067452,0.0068051238,0.034631383,0.054869894
Test_161,0.37982464,0.14531241,0.18918313,0.38440734
Test_162,0.0012356392,1.2810361e-05,0.9937985,0.0041981055
Test_163,0.2149147,0.07562098,0.54794616,0.19458467
Test_164,0.51175016,0.136727,0.1394217,0.23985285
Test_165,0.19487748,0.15883476,0.12968367,0.62107664
Test_166,0.007263651,0.00024716003,0.5898338,0.27923197
Test_167,0.0001527079,2.2822111e-07,0.99993134,4.8691458e-05
Test_168,0.082743295,0.014766338,0.67053527,0.16243696
Test_169,0.50544286,0.029466178,0.21466766,0.18142694
Test_170,0.06385195,0.009853405,0.023905002,0.8777982
Test_171,0.007947263,0.00071071374,0.46060562,0.36539006
Test_172,0.03446212,0.0022181263,0.95673805,0.015421743
Test_173,0.00027420255,8.907128e-07,0.9992874,0.00058336416
Test_174,0.68364495,0.013666294,0.084202565,0.14786564
Test_175,0.9628477,0.005425726,0.008865428,0.034581155
Test_176,0.00036008353,1.727425e-06,0.99992883,3.839107e-05
Test_177,0.10066151,0.030224588,0.045703907,0.79365075
Test_178,0.011757498,0.003431575,0.007115979,0.97860616
Test_179,1.47226835e-08,1.171941e-14,1.0,1.3035784e-09
Test_180,0.08030075,0.010035059,0.8697703,0.042803086
Test_181,0.53159225,0.12145681,0.18760392,0.25186965
Test_182,0.3926568,0.004000749,0.47216818,0.05844799
Test_183,0.3777368,0.08464492,0.09368628,0.45175192
Test_184,0.57520753,0.0010876937,0.21386561,0.02456381
Test_185,0.37315896,0.026313636,0.39929566,0.16767068
Test_186,0.25450006,0.020774733,0.55075794,0.068844706
Test_187,0.017279914,0.00047762296,0.967502,0.01276081
Test_188,0.31474158,0.121804014,0.3903303,0.25172657
Test_189,0.32006717,0.050436996,0.14464949,0.327695
Test_190,0.3386896,0.27450505,0.3155649,0.37083974
Test_191,0.33911985,0.122298,0.34929502,0.24960545
Test_192,0.3301414,0.011730861,0.26190364,0.18478073
Test_193,0.4683302,0.04215417,0.26501578,0.11443649
Test_194,0.028033754,0.005386688,0.9585275,0.0168372
Test_195,0.8265446,0.00989462,0.019718936,0.14682645
Test_196,0.53789663,0.14558312,0.16103919,0.23311648
Test_197,0.031553175,0.0025845426,0.74424875,0.13925539
Test_198,0.22218452,0.0087366095,0.54150915,0.124720156
Test_199,0.26031208,0.16746114,0.3265772,0.38358143
Test_200,0.4545207,0.058074772,0.28674516,0.20736079
Test_201,0.26414806,0.17266157,0.26948327,0.41348517
Test_202,0.14950795,0.011862652,0.03711408,0.7461797
Test_203,0.08989532,0.026157437,0.6662439,0.15246363
Test_204,0.07800605,0.034424245,0.07320858,0.79559195
Test_205,0.06497694,0.0192185,0.03205891,0.85134536
Test_206,0.16836324,0.016992215,0.115338586,0.55532116
Test_207,0.03965823,0.0038211772,0.9232094,0.029285934
Test_208,0.3874611,0.06435769,0.2736782,0.21369022
Test_209,0.0009619206,4.999021e-06,0.9980379,0.0013736233
Test_210,0.20488812,0.013472655,0.48283884,0.16013953
Test_211,0.2662593,0.18809612,0.3171041,0.3942544
Test_212,0.016295424,5.709017e-05,0.99224246,0.0020942548
Test_213,0.0111420695,0.0006602172,0.9388731,0.034371506
Test_214,1.9998764e-10,7.1433485e-17,1.0,3.9323887e-12
Test_215,0.9809401,0.0034380353,0.00391812,0.017948324
Test_216,0.97407085,0.0022728292,0.007580031,0.026817674
Test_217,0.59793943,0.07288888,0.12703502,0.17284842
Test_218,0.96842533,0.0025669034,0.006861185,0.015402748
Test_219,0.6806753,0.046328094,0.117359966,0.14122
Test_220,0.3804727,0.080386885,0.08132316,0.40684724
Test_221,0.35339648,0.08294205,0.16641115,0.38040367
Test_222,0.16391158,0.005123491,0.76099247,0.046935212
Test_223,6.0713497e-05,5.1608712e-08,0.999973,2.2031678e-05
Test_224,0.4328083,0.05521855,0.29263422,0.16828531
Test_225,0.045919057,0.01289012,0.060552765,0.8148559
Test_226,0.00081464223,4.484242e-06,0.9994993,0.0002617445
Test_227,0.26554003,0.11872862,0.12000879,0.54431874
Test_228,0.0031155252,4.6860245e-05,0.9972617,0.0012947965
Test_229,0.000553859,1.4869555e-06,0.9995521,0.00028491887
Test_230,0.5392748,0.1157963,0.14423183,0.22945967
Test_231,0.32701436,0.030313374,0.082544714,0.43650216
Test_232,0.320858,0.094367206,0.17442474,0.3594203
Test_233,0.31830788,0.046337985,0.19189902,0.32720247
Test_234,0.011061524,0.0029401598,0.004788296,0.977291
Test_235,0.23904882,0.1247218,0.28761712,0.41253603
Test_236,0.23955029,0.09337643,0.22875594,0.43263745
Test_237,0.2308394,0.09629952,0.1648849,0.46944746
Test_238,0.00094145857,1.5421804e-06,0.9998074,8.6512024e-05
Test_239,0.0031138274,0.00046885604,0.8985695,0.07590446
Test_240,0.14169762,0.014282182,0.7592559,0.078833796
Test_241,1.7193289e-06,6.2762013e-12,0.99999976,2.459173e-07
Test_242,0.3772153,0.23436792,0.2756128,0.28514588
Test_243,0.2133901,0.023084283,0.5773895,0.062428754
Test_244,0.15820499,0.081547506,0.16720143,0.6039282
Test_245,0.60425365,0.013456763,0.20096259,0.06680162
Test_246,0.22186318,0.031283084,0.08583694,0.57121956
Test_247,0.09629288,0.04352974,0.07289351,0.7863035
Test_248,0.48911974,0.038893647,0.2711119,0.19662294
Test_249,0.30155158,0.1292472,0.3819418,0.30034763
Test_250,0.8947823,0.035399355,0.020417897,0.04298669
Test_251,0.182774,0.09225997,0.19256036,0.57413846
Test_252,0.7015098,0.08655242,0.08528525,0.13577092
Test_253,0.32388577,0.18842527,0.25416434,0.33077565
Test_254,0.19064565,0.121317945,0.2159034,0.5248395
Test_255,0.042129118,0.0056375526,0.034738366,0.879298
Test_256,0.5181463,0.1154649,0.2003271,0.26818427
Test_257,0.16490819,0.03020506,0.6985699,0.09820307
Test_258,0.44611302,0.16708404,0.24367516,0.30533043
Test_259,0.5086336,0.018645618,0.096927255,0.1851159
Test_260,0.033369675,0.0067594186,0.012615045,0.936951
Test_261,0.30551136,0.07101476,0.4344322,0.22277993
Test_262,0.7403763,0.01909271,0.06290025,0.09713501
Test_263,0.31995326,0.22457668,0.288553,0.3485424
Test_264,0.16785638,0.014435155,0.29074016,0.2741286
Test_265,0.00067893096,2.1788603e-07,0.99986243,5.3064046e-05
Test_266,0.030035228,0.0080622425,0.018002506,0.930278
Test_267,0.32210127,0.0207989,0.41024768,0.11976269
Test_268,0.010713374,0.00011023327,0.9924645,0.002619046
Test_269,0.41177395,0.14970982,0.2791867,0.29586187
Test_270,0.011952801,0.0010083767,0.8130653,0.106003046
Test_271,0.36998487,0.015815347,0.41803712,0.08290789
Test_272,0.12340053,0.024438325,0.75929004,0.06778515
Test_273,0.92663246,0.0071649156,0.019969348,0.06414095
Test_274,1.1581249e-05,6.5375763e-09,0.9999382,9.420113e-05
Test_275,6.040728e-08,8.2650534e-14,1.0,3.133566e-08
Test_276,0.47432014,0.14028752,0.22258447,0.29075354
Test_277,0.31695968,0.064462796,0.07756476,0.51963747
Test_278,0.062590525,0.012290924,0.05418612,0.8046015
Test_279,0.002715427,3.5808538e-05,0.9917136,0.0047743972
Test_280,0.11614054,0.070828095,0.10505245,0.71100575
Test_281,0.23794144,0.10158366,0.19827153,0.49316564
Test_282,0.184569,0.10252555,0.31096292,0.4308338
Test_283,0.06261527,0.0053392355,0.91236275,0.027241921
Test_284,0.112526886,0.003110077,0.8430543,0.025986478
Test_285,0.5893706,0.008742612,0.16768411,0.12106058
Test_286,0.38503322,0.14206676,0.1871965,0.38069326
Test_287,0.4463137,0.00791648,0.29674596,0.068956055
Test_288,0.220451,0.14290074,0.20980419,0.50169057
Test_289,0.19453453,0.03361236,0.107559286,0.5782337
Test_290,0.06787087,0.008464731,0.6929144,0.14618711
Test_291,0.13757858,0.040704444,0.5410289,0.2284402
Test_292,0.18202247,0.013535682,0.16198073,0.3717196
Test_293,0.27413064,0.06652983,0.47968554,0.21816647
Test_294,0.034600742,0.0046927207,0.88315094,0.046525653
Test_295,0.37951636,0.009200051,0.45768675,0.122226655
Test_296,0.15453099,0.012362761,0.6133965,0.13427278
Test_297,0.10220147,0.032408398,0.06452642,0.7543809
Test_298,0.028791573,0.00045911988,0.9750591,0.008363412
Test_299,0.3217357,0.25474647,0.33928815,0.34627476
Test_300,0.97668815,0.00031277112,0.009682032,0.013186386
Test_301,0.31407392,0.08181264,0.12254904,0.46340537
Test_302,0.12166403,0.04799949,0.12330574,0.68604
Test_303,0.15455438,0.015280561,0.7269687,0.054945983
Test_304,0.98033756,0.001710541,0.006557729,0.019105762
Test_305,0.19493933,0.09612678,0.2880466,0.43213803
Test_306,0.36986196,0.02261904,0.4164672,0.13458721
Test_307,0.013290298,0.00018299282,0.98054075,0.006113063
Test_308,0.2214887,0.06962906,0.27610853,0.43336675
Test_309,7.566517e-08,1.1988961e-13,1.0,2.4812044e-09
Test_310,0.01937816,0.0007713667,0.98124444,0.0072592623
Test_311,0.18576209,0.09124157,0.16615584,0.45003045
Test_312,0.054486707,0.019667462,0.034019835,0.8719671
Test_313,0.5629686,0.12239125,0.14888535,0.2399085
Test_314,0.27851266,0.063030295,0.17082195,0.44947153
Test_315,0.049953163,0.022001138,0.024154954,0.9060541
Test_316,0.012343778,0.00011866785,0.9926874,0.002072699
Test_317,0.37087798,0.10363527,0.21508344,0.2604683
Test_318,0.21755132,0.07094077,0.12999345,0.50510913
Test_319,0.00011899738,8.714142e-08,0.99995816,2.9413015e-05
Test_320,0.042612366,0.0033600833,0.88030285,0.048030328
Test_321,0.165104,0.04165394,0.037848905,0.75644857
Test_322,0.961597,0.005072266,0.00935643,0.03974495
Test_323,0.71229595,0.00047927166,0.14284208,0.008579075
Test_324,7.0296156e-12,7.6920637e-20,1.0,6.7534677e-13
Test_325,0.701269,0.0024133527,0.03702923,0.17978923
Test_326,0.10697606,0.0023856917,0.8641476,0.030022034
Test_327,0.33395532,0.12331515,0.124810755,0.43128094
Test_328,9.552039e-10,1.8115034e-17,1.0,2.4365038e-11
Test_329,0.00012496757,9.002732e-07,0.99977684,0.00023663706
Test_330,0.012733475,0.00018762902,0.99211687,0.0024843782
Test_331,0.32248557,0.19669215,0.26534623,0.40928993
Test_332,0.7485003,0.005938318,0.12410554,0.088203356
Test_333,0.26878145,0.11924417,0.36928788,0.32588413
Test_334,0.064546935,0.014454765,0.36178577,0.44703412
Test_335,0.4191456,0.03883754,0.2996104,0.110937536
Test_336,0.08173076,0.0025946863,0.6792715,0.08057699
Test_337,0.4280998,0.055605426,0.05652926,0.40139103
Test_338,0.5559883,0.004438624,0.05992219,0.22316301
Test_339,0.19202505,0.032825682,0.6256424,0.10746197
Test_340,0.4063698,0.006895353,0.35630748,0.03952323
Test_341,0.840347,0.011446292,0.038736656,0.11881282
Test_342,0.15753925,0.03209796,0.06754946,0.6094303
Test_343,0.050380386,0.0074687693,0.31919155,0.51582736
Test_344,0.0031025598,6.755841e-05,0.995276,0.002957751
Test_345,0.24540928,0.0085986005,0.58498275,0.03691186
Test_346,0.14234631,0.011275787,0.7585167,0.08419637
Test_347,2.7840065e-12,3.3319071e-22,1.0,3.2981896e-13
Test_348,0.102903664,0.04796468,0.11197526,0.69943
Test_349,0.3236844,0.25591415,0.3157742,0.37552795
Test_350,0.36464345,0.030381028,0.12187359,0.33977783
Test_351,0.0010142125,5.911767e-06,0.9995124,0.00024221554
Test_352,0.11022899,0.05129409,0.09519121,0.69039136
Test_353,0.24360313,0.16050039,0.19178611,0.4535541
Test_354,0.028308354,0.0011432111,0.96782076,0.006181087
Test_355,0.7665455,0.048313025,0.06509457,0.10485108
Test_356,0.5468224,0.03707671,0.06810213,0.28418565
Test_357,0.034823578,0.0026676431,0.02455489,0.8843925
Test_358,0.42407578,0.021635666,0.23362188,0.19976489
Test_359,0.24627157,0.03499162,0.10964894,0.5291743
Test_360,0.047142886,0.017410913,0.08024161,0.8103158
Test_361,0.27895114,0.040676456,0.08925241,0.49943513
Test_362,0.44470367,0.23621128,0.2123673,0.24681464
Test_363,0.23829845,0.0013377635,0.7380801,0.025207333
Test_364,5.114031e-06,2.5690483e-10,0.999999,9.752004e-07
Test_365,0.07121219,0.0010586431,0.9106024,0.003374516
Test_366,0.0010498277,4.3009622e-06,0.99933505,0.00036076645
Test_367,0.09319243,0.04152851,0.06184297,0.8193969
Test_368,0.2520666,0.04143877,0.040997174,0.6237605
Test_369,0.26170245,0.09637656,0.29321286,0.381622
Test_370,3.5445573e-06,5.3215016e-10,0.99999636,4.864826e-06
Test_371,0.39100322,0.00692219,0.40032408,0.049877293
Test_372,0.06594161,0.00336584,0.8538799,0.035390314
Test_373,0.0045560244,0.00016153642,0.9942779,0.0028685427
Test_374,0.0032067865,1.6000748e-05,0.9968,0.0016752054
Test_375,0.35060132,0.09901411,0.29250392,0.2885341
Test_376,0.7923641,0.010101601,0.082043074,0.06691931
Test_377,0.3520799,0.15327033,0.15867656,0.37212512
Test_378,0.0062290984,0.00016781363,0.99632734,0.0013568341
Test_379,0.06871988,0.012270872,0.8789933,0.044549085
Test_380,0.7099513,0.036551546,0.090410806,0.16160892
Test_381,0.33336636,0.06773992,0.15614861,0.34833428
Test_382,0.49825114,0.014369378,0.1872302,0.0967989
Test_383,0.96885705,0.0016263215,0.011076061,0.03890114
Test_384,0.00059444393,1.8783339e-06,0.99819404,0.0010878101
Test_385,0.046453465,0.015888838,0.6816351,0.15969537
Test_386,0.32278693,0.17691976,0.36137617,0.3179263
Test_387,0.007285514,0.0011227423,0.027412405,0.95225304
Test_388,0.11345678,0.0072026346,0.2176806,0.43102887
Test_389,0.3890271,0.1948563,0.2764786,0.28168583
Test_390,0.10486776,0.042639457,0.04160424,0.82534343
Test_391,0.0061436454,7.318614e-05,0.9934504,0.0020026278
Test_392,0.9160627,0.00725898,0.025164438,0.04832434
Test_393,0.25894752,0.05768626,0.2105719,0.39190337
Test_394,0.35743415,0.08253944,0.11363657,0.27800268
Test_395,0.030160742,0.0021024793,0.96456075,0.012571482
Test_396,0.025149893,0.005436328,0.10154624,0.78955585
Test_397,0.5178663,0.048877604,0.09137609,0.31705463
Test_398,0.0023814645,7.50299e-06,0.9988979,0.0004995853
Test_399,0.26546162,0.11897774,0.3672692,0.32947567
Test_400,0.22575283,0.08744857,0.5244237,0.2051995
Test_401,0.00033952476,3.138624e-07,0.99994856,3.0333927e-05
Test_402,0.030976161,0.0072007594,0.08592135,0.7926496
Test_403,0.31590843,0.006743575,0.012387635,0.57656276
Test_404,0.69309187,0.019484144,0.13105771,0.089224786
Test_405,0.17967473,0.023139002,0.024107352,0.7182838
Test_406,0.23318832,0.15745692,0.23774998,0.46945497
Test_407,0.13891184,0.011305879,0.07019299,0.5615219
Test_408,0.09874645,0.050249614,0.081457086,0.7706414
Test_409,0.41442078,0.17893474,0.26163062,0.2814205
Test_410,0.032297846,0.013679071,0.037633948,0.8956142
Test_411,0.8407654,0.00036979123,0.09628007,0.0109307375
Test_412,0.25959644,0.08935534,0.4799547,0.22598656
Test_413,0.9611145,0.0013138577,0.010735679,0.02238832
Test_414,0.0011093989,3.4368074e-06,0.9996964,0.00014551665
Test_415,0.00044372363,2.261577e-06,0.9993442,0.0005017874
Test_416,0.41641068,0.19205636,0.2617833,0.32223913
Test_417,0.013128196,0.0002672557,0.9856288,0.0059516644
Test_418,0.23848565,0.010853756,0.0058913874,0.7425201
Test_419,0.7403176,0.010710115,0.10581787,0.07984922
Test_420,0.0065954393,0.00010915287,0.9961921,0.0015190187
Test_421,0.77388316,0.02588846,0.06268437,0.17179336
Test_422,0.6409163,0.074917056,0.083116814,0.16012026
Test_423,1.6679318e-06,8.569233e-11,0.9999997,4.2223476e-07
Test_424,0.19245858,0.06707972,0.44769487,0.25593546
Test_425,0.19595432,0.052204285,0.5618424,0.18793364
Test_426,0.02681933,0.00076692074,0.94747025,0.019408183
Test_427,0.32269242,0.040699515,0.079237185,0.4135392
Test_428,0.09059922,0.016754858,0.037407517,0.80517524
Test_429,0.0029321497,2.738237e-05,0.9947239,0.0026228938
Test_430,0.11290515,0.04644178,0.10943113,0.67391586
Test_431,0.017983582,0.0033992364,0.04863276,0.90706164
Test_432,0.3097891,0.22135718,0.36124462,0.32539126
Test_433,0.017573962,0.002642903,0.028002342,0.9252387
Test_434,0.15621917,0.031081883,0.084978394,0.6098242
Test_435,0.058229603,0.0027664802,0.020676054,0.8488132
Test_436,0.071459465,0.01613183,0.23851494,0.4645281
Test_437,2.895001e-05,6.491047e-08,0.9999558,5.479984e-05
Test_438,0.013503636,0.0007488785,0.97789854,0.010036424
Test_439,0.00035610513,7.14616e-07,0.9996957,0.0002028821
Test_440,0.17079294,0.032275215,0.629407,0.1438885
Test_441,0.8473161,0.0020978304,0.06889158,0.023676287
Test_442,0.024645,0.00023467826,0.97251993,0.008845002
Test_443,0.027779378,0.003156277,0.010988414,0.9015194
Test_444,0.19395348,0.11569095,0.27373293,0.45958212
Test_445,4.8405804e-05,1.8401794e-08,0.9999888,8.762175e-06
Test_446,0.29671046,0.12086602,0.41743952,0.26517367
Test_447,0.16506673,0.023255985,0.6914817,0.076356724
Test_448,1.933916e-05,4.921305e-09,0.99999547,4.018899e-06
Test_449,0.07237258,0.026776787,0.09303809,0.77853197
Test_450,0.5560145,0.009460031,0.2463098,0.048347786
Test_451,0.03506922,0.0022250419,0.9551301,0.016545076
Test_452,0.14340155,0.029109865,0.72489333,0.097404025
Test_453,0.03915276,0.0005111095,0.4163185,0.23262672
Test_454,6.082216e-07,1.6109405e-11,0.9999999,1.3422073e-07
Test_455,0.37156814,0.054702226,0.055882834,0.44568712
Test_456,0.44090742,0.0408407,0.3129236,0.2022831
Test_457,0.08062396,0.026116738,0.07368037,0.76484096
Test_458,0.5956482,0.038408272,0.15407185,0.18109618
Test_459,0.3386896,0.27450505,0.3155649,0.37083974
Test_460,0.7335563,0.0008038274,0.13415134,0.022133406
Test_461,0.20226736,0.0042630294,0.008080683,0.73328215
Test_462,0.048121132,0.010182419,0.91919255,0.030297494
Test_463,0.54463977,0.10515327,0.18189617,0.2664085
Test_464,0.45505083,0.026353946,0.29437628,0.09672362
Test_465,1.3071512e-07,4.5776593e-13,1.0,2.2601675e-08
Test_466,0.12095354,0.02470677,0.7606593,0.09165022
Test_467,0.29394835,0.08979433,0.21701553,0.31820628
Test_468,0.76257086,0.008836995,0.0811647,0.04998245
Test_469,0.0011901734,5.196676e-06,0.99871624,0.00071975554
Test_470,0.31446525,0.14937687,0.29279175,0.30245546
Test_471,0.18352926,0.00038055345,0.82475513,0.0077274134
Test_472,0.20328467,0.07948112,0.068618,0.58564734
Test_473,0.038903814,0.011086559,0.2938456,0.514817
Test_474,0.48518667,0.014148257,0.32531872,0.1266173
Test_475,0.3167191,0.15631631,0.25841126,0.3643988
Test_476,0.0497114,0.015634079,0.16630161,0.62358433
Test_477,0.093290634,0.058010425,0.07401915,0.77821213
Test_478,0.41598877,0.19413914,0.26014015,0.32319602
Test_479,0.44881222,0.0037992026,0.064817816,0.18426614
Test_480,0.025814358,0.0008335722,0.9745536,0.009172794
Test_481,0.828057,0.027402358,0.050743576,0.1143512
Test_482,0.11760271,0.06124897,0.11242178,0.70817566
Test_483,0.09556834,0.007982034,0.8625356,0.037631996
Test_484,0.64193195,0.020894557,0.13944764,0.16429853
Test_485,0.42098963,0.0015370849,0.45579296,0.016183365
Test_486,0.56523424,0.04530053,0.12703729,0.22784041
Test_487,0.27022603,0.033214,0.44534516,0.12369623
Test_488,0.11413174,0.06008393,0.059349053,0.81076586
Test_489,0.002204213,4.3453074e-06,0.9994029,0.0002450653
Test_490,0.014427593,0.00043605437,0.98866266,0.003987704
Test_491,0.094080836,0.060315724,0.13021113,0.565635
Test_492,0.30632105,0.09900947,0.17078115,0.41004333
Test_493,0.5618741,0.058950596,0.17516305,0.14936544
Test_494,0.011772733,0.00038288534,0.9759003,0.006640402
Test_495,0.028590862,0.0029200895,0.0043800217,0.9594921
Test_496,0.60549426,0.05899009,0.15030192,0.22408308
Test_497,0.021087676,0.0055817645,0.05061393,0.8801666
Test_498,0.6453681,0.013099553,0.0865178,0.19632854
Test_499,0.031930074,0.0043885056,0.9277953,0.03200895
Test_500,0.92026216,0.014648884,0.023535565,0.034301985
Test_501,0.7185176,0.048825826,0.044893026,0.19646204
Test_502,0.06225268,0.013784659,0.13169006,0.752419
Test_503,0.73626256,0.10306955,0.06009527,0.04150135
Test_504,0.43828955,0.08650905,0.2829693,0.24378635
Test_505,0.09936109,0.02184983,0.091399364,0.72306675
Test_506,0.0053377696,4.3309294e-05,0.9954262,0.00199129
Test_507,0.010134353,0.00028779422,0.97094667,0.01191912
Test_508,0.0040471912,5.797257e-05,0.98856384,0.0063627176
Test_509,0.0041854363,0.00013086623,0.9964517,0.0017001104
Test_510,0.00012383495,1.4780159e-07,0.9999315,5.7499514e-05
Test_511,0.3194147,0.083166,0.096287526,0.49798438
Test_512,0.99249125,9.4484414e-05,0.0029095614,0.004950224
Test_513,0.21366344,0.12308571,0.1529546,0.5743688
Test_514,0.443648,0.113379404,0.120364174,0.36062926
Test_515,8.2471364e-05,2.1645324e-07,0.99995744,3.6607376e-05
Test_516,0.034007005,0.0025470194,0.9221078,0.033371307
Test_517,0.11837455,0.052661236,0.25092906,0.47779325
Test_518,0.0070780334,9.725145e-05,0.99365693,0.0027728914
Test_519,0.114035346,0.047140956,0.02880978,0.80059266
Test_520,0.000103590726,6.0606126e-08,0.99996793,2.2119275e-05
Test_521,0.26639143,0.047457993,0.17690606,0.31559008
Test_522,0.00033184033,1.041271e-06,0.99983704,9.41599e-05
Test_523,0.02100414,0.0031808459,0.5727718,0.23057738
Test_524,0.13259193,0.017350776,0.28723535,0.17411156
Test_525,0.6988064,0.07683386,0.090553954,0.14594318
Test_526,0.1580047,0.019607924,0.65343595,0.136196
Test_527,0.8385029,0.020038227,0.060145844,0.09452659
Test_528,0.0019980427,7.7031955e-06,0.99891084,0.00052722055
Test_529,0.22358201,0.012977904,0.017924368,0.63953763
Test_530,0.553139,0.07891145,0.17283246,0.27526826
Test_531,7.3163633e-06,4.0095163e-10,0.9999992,6.8303166e-07
Test_532,0.3557557,0.16689998,0.21917361,0.3895816
Test_533,0.90037036,0.0138712255,0.013148295,0.07095108
Test_534,0.9151081,0.011377103,0.013970758,0.06291413
Test_535,0.0020699895,1.31423785e-05,0.9976289,0.0012710649
Test_536,0.00064702815,1.3501764e-06,0.99934024,0.0003814632
Test_537,1.9062275e-06,1.4634079e-11,0.9999995,5.6133564e-07
Test_538,0.11428746,0.023851305,0.029718129,0.8100724
Test_539,0.0007532136,3.5540284e-06,0.9998029,0.000110373265
Test_540,0.0010450891,1.0764582e-05,0.9989626,0.00059774116
Test_541,0.18408337,0.0015062463,0.77926546,0.018029965
Test_542,0.35308087,0.0023408239,0.0070512146,0.44573152
Test_543,0.266094,0.11813,0.45416605,0.23109598
Test_544,0.08790184,0.041669954,0.61077994,0.19358371
Test_545,0.026216391,0.0007400795,0.97239333,0.010019122
Test_546,0.047983605,0.0031671594,0.11343517,0.5625507
Test_547,0.2182757,0.031253863,0.5814496,0.11454435
Test_548,0.022279432,0.0005280592,0.98010427,0.0072392276
Test_549,0.6679775,0.074335106,0.10706237,0.1836143
Test_550,0.03603583,0.0034390404,0.78158915,0.09737908
Test_551,0.7671634,0.04384602,0.07620821,0.09822405
Test_552,0.0010468793,2.858071e-06,0.9996718,0.00018980843
Test_553,0.13457297,0.022789227,0.699784,0.11136983
Test_554,0.17749158,0.07617481,0.12336641,0.6296803
Test_555,0.5008775,0.088176385,0.12457911,0.22713014
Test_556,0.0956282,0.06415637,0.06984209,0.78340954
Test_557,0.14663823,0.07073326,0.22774617,0.5039505
Test_558,0.006747133,0.0001735165,0.9919153,0.0036877512
Test_559,0.46371645,0.104343005,0.22736466,0.23691395
Test_560,2.7436008e-05,9.430141e-09,0.99999225,7.5041135e-06
Test_561,0.24959114,0.030411432,0.55914605,0.16375563
Test_562,0.89102966,0.0024388246,0.04329636,0.048527673
Test_563,0.03941491,0.0013659403,0.8949655,0.032418646
Test_564,0.15740617,0.05106818,0.6605111,0.14062408
Test_565,0.012079053,0.0011052723,0.97284806,0.012900864
Test_566,0.052478198,0.0022143754,0.8652018,0.051821373
Test_567,0.05638072,0.017822169,0.0141938,0.9207988
Test_568,0.09052131,0.0009376518,0.84035915,0.015151925
Test_569,0.16731681,0.008713308,0.064535305,0.5956231
Test_570,0.14737993,0.06822339,0.23041458,0.5165962
Test_571,1.2967198e-05,3.3895482e-09,0.99996835,4.4628785e-05
Test_572,0.5941902,0.07757754,0.09699363,0.22699465
Test_573,0.1644854,0.012032386,0.046719734,0.61538154
Test_574,0.11202087,0.055621117,0.19056672,0.5785055
Test_575,0.16935752,0.01983377,0.117976815,0.56448907
Test_576,0.47206724,0.09706313,0.15152809,0.21570764
Test_577,0.52915573,0.03959423,0.2182516,0.15877101
Test_578,0.12951928,0.0005389364,0.87582624,0.014978945
Test_579,0.39570278,0.0044190893,0.15141758,0.16064349
Test_580,0.0009545639,1.4578435e-06,0.9993246,0.00032894188
Test_581,0.9997691,3.9475168e-08,0.00021619705,0.00023435718
Test_582,0.105299145,0.048141025,0.5278502,0.2662994
Test_583,0.7996895,0.038834278,0.05315307,0.10902998
Test_584,0.3386896,0.27450505,0.3155649,0.37083974
Test_585,0.031958707,0.00056166615,0.96191174,0.009222322
Test_586,0.70141846,0.0067658983,0.014089867,0.2229297
Test_587,0.0032641804,4.0503513e-05,0.99865836,0.0005027854
Test_588,0.05473207,0.00044555488,0.91641074,0.027347289
Test_589,0.1998662,0.1071061,0.24289802,0.5055644
Test_590,0.30229563,0.086716704,0.40786073,0.25562444
Test_591,0.0031885677,1.0051802e-05,0.9873088,0.008048828
Test_592,0.17421636,0.11407535,0.2561633,0.4820056
Test_593,0.0070497855,0.00027062438,0.99504554,0.0020479662
Test_594,3.1246614e-08,2.3650886e-14,1.0,8.218341e-09
Test_595,0.050580908,0.01913881,0.058197867,0.84968746
Test_596,0.22771387,0.15288043,0.32550758,0.37826136
Test_597,0.026135707,0.009511639,0.01867991,0.9425343
Test_598,0.4183053,0.25322965,0.22843486,0.25042945
Test_599,0.008134956,0.0013969032,0.0066044624,0.9807364
Test_600,0.029491855,0.0006059989,0.973416,0.008725648
Test_601,0.6233915,0.015825104,0.115328066,0.0912267
Test_602,0.3906509,0.23476823,0.26950437,0.3213313
Test_603,0.49493867,0.050283622,0.09448904,0.34953564
Test_604,0.12680979,0.034180187,0.60102636,0.18302004
Test_605,0.5637053,0.012386397,0.024850417,0.3260031
Test_606,0.2798259,0.034976818,0.5136377,0.18404385
Test_607,0.3386896,0.27450505,0.3155649,0.37083974
Test_608,0.17552431,0.11116314,0.22823653,0.50754565
Test_609,0.32539845,0.0050373734,0.027755512,0.47339505
Test_610,0.087181985,0.022937618,0.65846276,0.15536705
Test_611,0.99208856,9.062222e-05,0.0042225556,0.017707555
Test_612,3.560073e-05,1.7603446e-08,0.99999464,4.5382085e-06
Test_613,0.66628057,0.035275646,0.12208604,0.18734425
Test_614,0.33573738,0.25236258,0.32429296,0.36003062
Test_615,0.0024875603,2.362244e-05,0.99842185,0.00081247854
Test_616,0.066285744,0.004797457,0.0042091734,0.9260146
Test_617,0.42785558,0.13959965,0.26400867,0.3060483
Test_618,0.4249258,0.012341442,0.3962193,0.12025707
Test_619,0.103750266,0.025109302,0.7217588,0.11361053
Test_620,0.30268288,0.23857367,0.36100754,0.33384687
Test_621,0.6799729,0.024934288,0.12881443,0.106412604
Test_622,0.10495185,0.08205219,0.048941765,0.82159436
Test_623,0.14950879,0.00901422,0.054312356,0.6378844
Test_624,0.051763207,0.004701899,0.90460783,0.034719676
Test_625,0.33169138,0.16447705,0.23165332,0.3827434
Test_626,0.14507496,0.028752157,0.31997642,0.40036336
Test_627,0.15281337,0.081698634,0.5081196,0.21042292
Test_628,0.11793982,0.008315695,0.014066921,0.78704625
Test_629,0.7696722,0.03435923,0.032207698,0.12560724
Test_630,0.4234879,0.014594842,0.03266031,0.48007318
Test_631,0.6095959,0.057354912,0.16596289,0.19041182
Test_632,0.3018991,0.022189166,0.23999287,0.28462642
Test_633,0.5491035,0.018430902,0.24461886,0.13738056
Test_634,0.073234014,0.014969232,0.06186814,0.78705114
Test_635,0.9244758,0.00046275574,0.040242456,0.025306825
Test_636,0.13412523,0.05040913,0.13448553,0.6490063
Test_637,0.05628883,6.259313e-06,0.9750295,0.00018345438
Test_638,0.8521428,0.0029228285,0.071878366,0.04619514
Test_639,2.3722474e-05,3.732951e-09,0.99999595,2.9186774e-06
Test_640,0.30251488,0.10490832,0.40832266,0.22887094
Test_641,0.57305425,0.022896139,0.13444838,0.1724324
Test_642,0.29634136,0.1964502,0.32654467,0.3665246
Test_643,0.47579053,0.015738638,0.25827265,0.15777326
Test_644,0.16719632,0.100098945,0.21865961,0.5203784
Test_645,0.5946002,0.07482465,0.15340048,0.17168954
Test_646,6.986601e-12,1.04625526e-19,1.0,5.3569323e-13
Test_647,0.2912138,0.15948503,0.40186524,0.29032794
Test_648,0.14313404,0.042172328,0.27824998,0.45054284
Test_649,0.003126545,9.733829e-05,0.70682245,0.18023854
Test_650,3.9243125e-07,1.5955987e-11,1.0,1.1188214e-08
Test_651,0.071923204,0.032649204,0.066905655,0.8161069
Test_652,0.4677948,0.07584792,0.21822056,0.2276879
Test_653,0.9060634,0.008272846,0.021003759,0.062108457
Test_654,0.68097895,0.048675798,0.1296442,0.18945204
Test_655,0.27567643,0.012684181,0.12553787,0.38102213
Test_656,0.0070512276,0.00047713795,0.09593095,0.81022996
Test_657,4.8664533e-05,1.9777708e-08,0.99999684,1.809549e-06
Test_658,0.73450094,0.0020895915,0.025093298,0.1294281
Test_659,0.47525164,0.053763527,0.17040825,0.19932824
Test_660,0.33194444,0.20378675,0.28526437,0.36840448
Test_661,0.63379973,0.08297553,0.12736075,0.20994781
Test_662,0.2983374,0.24166687,0.2588854,0.4325844
Test_663,2.472548e-05,7.2732034e-09,0.9999825,1.8809327e-05
Test_664,0.0006736552,9.1439205e-07,0.99986637,5.819185e-05
Test_665,0.18846053,0.0005796684,0.014521611,0.65579665
Test_666,0.12997957,0.03238535,0.741742,0.093849555
Test_667,0.6148096,0.061603397,0.13671046,0.13774265
Test_668,0.32332283,0.17196847,0.36275053,0.31571332
Test_669,1.0660231e-06,1.548852e-10,0.99999976,3.6706305e-07
Test_670,0.017287746,0.0015988857,0.97781783,0.0092047155
Test_671,0.0056216726,2.7282906e-05,0.9975195,0.0010044456
Test_672,0.53768915,0.075842105,0.064817965,0.29861793
Test_673,0.20488821,0.034450375,0.46750557,0.24642132
Test_674,6.9080625e-07,3.5559274e-11,0.99999976,3.84049e-07
Test_675,0.8887394,0.0118817445,0.015024751,0.08007854
Test_676,0.5136358,0.024355121,0.05386736,0.3213284
Test_677,0.34411588,0.14255358,0.23050904,0.37284133
Test_678,0.06411294,0.004433643,0.76371324,0.09986164
Test_679,0.26200673,0.02165009,0.34645128,0.22761688
Test_680,0.4435886,0.012400901,0.09832746,0.2213983
Test_681,0.110080555,0.001125378,0.00984536,0.7385872
Test_682,0.49700725,0.013396889,0.018353987,0.47767928
Test_683,0.6978836,0.023025911,0.031227116,0.20844276
Test_684,0.18420851,0.031331312,0.058992658,0.6908738
Test_685,0.4694372,0.0073913448,0.013700595,0.32391095
Test_686,0.03697302,0.013388327,0.042649597,0.8874671
Test_687,0.43354788,0.08236185,0.28797716,0.2408535
Test_688,0.7408387,0.0007083221,0.11077052,0.011142737
Test_689,0.027871657,0.00799084,0.022873623,0.9233063
Test_690,0.30047622,0.10873981,0.30871105,0.31680778
Test_691,0.23529631,0.14133553,0.22016439,0.4917804
Test_692,0.3386896,0.27450505,0.3155649,0.37083974
Test_693,0.99668723,0.00016663595,0.0011248159,0.007395824
Test_694,0.076022744,0.00956766,0.026765756,0.8240007
Test_695,0.35500175,0.14252028,0.20985849,0.2644516
Test_696,0.0058246516,6.7876455e-05,0.9667014,0.020520438
Test_697,0.0058680447,8.746454e-06,0.99629587,0.0014893401
Test_698,0.97692287,0.00192174,0.005974111,0.015709298
Test_699,0.1124263,0.019131955,0.04344854,0.776042
Test_700,0.0007951903,1.9527748e-05,0.99946886,0.00082263525
Test_701,0.18642561,0.10046566,0.10740244,0.6546503
Test_702,0.44218996,0.02933168,0.17673935,0.26950654
Test_703,0.22012441,0.099958554,0.5190791,0.1976679
Test_704,1.5698416e-07,2.8723913e-12,1.0,4.0921275e-08
Test_705,0.000366375,1.380494e-06,0.9999295,3.8783888e-05
Test_706,0.79329944,0.055334926,0.05142075,0.09791174
Test_707,0.008940992,0.0007212682,0.67791873,0.23501585
Test_708,0.55396897,0.06785881,0.19314611,0.18007821
Test_709,1.5835759e-09,5.133499e-16,1.0,9.419808e-12
Test_710,0.034877177,0.001133025,0.6653172,0.18220156
Test_711,0.88476026,0.03677765,0.020139964,0.06551446
Test_712,0.16514678,0.10949772,0.14461255,0.62146455
Test_713,0.22544722,0.12593421,0.30597147,0.39407352
Test_714,0.25879273,0.19062658,0.257565,0.44685876
Test_715,0.0018183984,1.0324033e-05,0.9980614,0.00087969674
Test_716,0.021090038,0.007878723,0.17581113,0.6281546
Test_717,0.025276447,0.0021608397,0.97077787,0.010472747
Test_718,0.40872675,0.04661482,0.2998928,0.16690888
Test_719,0.008627309,4.2284093e-05,0.9960333,0.00133264
Test_720,0.68318117,0.07248064,0.09257884,0.15376213
Test_721,0.0023482924,4.9094006e-06,0.9975082,0.0011791573
Test_722,0.00067541236,2.4151534e-06,0.9994122,0.00031765894
Test_723,0.5436899,0.045995064,0.070379846,0.33001512
Test_724,0.15708448,0.04697356,0.6704757,0.107100435
Test_725,0.37112644,0.14113912,0.20501588,0.31009272
Test_726,0.6218421,0.0059420913,0.23185249,0.078951195
Test_727,0.30840552,0.11966074,0.40316606,0.27552655
Test_728,0.0007784483,3.5644082e-06,0.9994965,0.00029102332
Test_729,0.031154998,0.0013863622,0.7831054,0.091298714
Test_730,0.09956837,0.040588733,0.77766484,0.09295544
Test_731,0.00015633614,3.270223e-08,0.99998754,6.2485306e-06
Test_732,0.32105672,0.08238865,0.3799422,0.14680059
Test_733,0.61584765,0.11079251,0.12567909,0.13095176
Test_734,0.10382664,0.018279165,0.14888258,0.51996446
Test_735,0.38419828,0.26711848,0.25318137,0.30214548
Test_736,0.41074538,0.017876897,0.056464802,0.39733523
Test_737,0.95120865,0.002408364,0.014553008,0.028871497
Test_738,0.2749465,0.02189536,0.023846392,0.6192075
Test_739,0.00014515247,4.705408e-07,0.9998447,0.0001319189
Test_740,0.05159404,0.022109058,0.043057974,0.8536801
Test_741,0.3297999,0.22534817,0.33076292,0.28022236
Test_742,0.37252977,0.07552633,0.31297845,0.24048497
Test_743,0.22029953,0.11692137,0.521473,0.2044377
Test_744,0.052857026,0.0026637411,0.7286629,0.12907565
Test_745,0.44029626,0.15789792,0.24692036,0.31959617
Test_746,0.0018723693,2.7197e-05,0.9965948,0.001959219
Test_747,0.5288082,0.000865889,0.03375977,0.19030298
Test_748,0.23386382,0.16010314,0.48828414,0.22274429
Test_749,0.34411392,0.11930429,0.24542244,0.34477448
Test_750,0.28851414,0.14634104,0.26341015,0.3084136
Test_751,0.011901579,0.00030384175,0.99123454,0.00325597
Test_752,0.2919802,0.03561034,0.041989904,0.60903937
Test_753,0.037146658,0.0016132733,0.8827778,0.045704883
Test_754,0.4561037,0.10365837,0.21843024,0.27960077
Test_755,0.2367595,0.02138125,0.27134186,0.2433781
Test_756,0.59128064,0.011761893,0.09124312,0.20805916
Test_757,0.42102236,0.18616354,0.23861174,0.272548
Test_758,0.5357266,0.011481762,0.25611112,0.08958838
Test_759,0.7582047,0.07867303,0.0538495,0.11854355
Test_760,0.7029936,0.07954584,0.07875861,0.12748535
Test_761,0.45489287,0.13973741,0.2301526,0.22520345
Test_762,0.58044845,0.12998316,0.14677432,0.1828627
Test_763,0.04183296,0.0032662102,0.8849003,0.041071855
Test_764,0.93267864,0.00056896295,0.032528598,0.016495144
Test_765,0.394624,0.11646808,0.3086828,0.2728641
Test_766,0.2255501,0.073890746,0.29911613,0.36866587
Test_767,0.7083735,0.007436439,0.1580294,0.111085474
Test_768,0.033210944,0.0009900113,0.008757301,0.851918
Test_769,0.0013862046,7.2376724e-06,0.9995833,0.00019915674
Test_770,0.74236304,0.01591356,0.10958293,0.07414586
Test_771,0.00031221728,5.400294e-07,0.9997991,0.00012886684
Test_772,0.74383456,0.06268888,0.07155666,0.1334596
Test_773,6.231608e-10,6.963514e-17,1.0,1.3607071e-11
Test_774,0.2868563,0.008924824,0.44872862,0.11513487
Test_775,0.04046378,0.000111592315,0.9714136,0.0070429724
Test_776,0.01085003,0.002050192,0.01879083,0.9578812
Test_777,0.32903174,0.0665901,0.35482395,0.24818145
Test_778,0.47132123,0.060563672,0.12208718,0.24380554
Test_779,0.770055,0.07681913,0.049573947,0.11285941
Test_780,0.3641671,0.0686609,0.30056626,0.24562025
Test_781,0.13795595,0.07372482,0.41322356,0.23974632
Test_782,0.083739094,0.008254791,0.86773634,0.04353598
Test_783,0.002155136,2.3889976e-05,0.99346876,0.003719033
Test_784,0.34133443,0.22081847,0.17094369,0.35582623
Test_785,0.7655457,0.038315263,0.034884546,0.16139735
Test_786,0.23453905,0.16063489,0.44863057,0.27410004
Test_787,0.042678654,0.0022544253,0.9372403,0.019702783
Test_788,0.19602203,0.04029928,0.17362818,0.48255306
Test_789,0.0017147224,2.9698422e-05,0.99723345,0.0016278025
Test_790,0.14176945,0.038224258,0.096251026,0.5968329
Test_791,0.12975055,0.031665325,0.5354676,0.18740913
Test_792,0.045502305,0.002007996,0.9439454,0.019756243
Test_793,9.448622e-05,1.4450946e-07,0.99995166,3.7569247e-05
Test_794,0.4109943,0.005101345,0.19548495,0.09162927
Test_795,0.1707352,0.03963897,0.1769725,0.5349845
Test_796,0.003220341,4.0950265e-05,0.9969943,0.0013052325
Test_797,0.98634005,0.000235471,0.0043523903,0.0044451095
Test_798,0.021644294,0.0014619693,0.97491306,0.010557461
Test_799,4.0092023e-06,1.2324594e-10,0.99999994,5.9393898e-08
Test_800,0.0054848036,6.162915e-05,0.99330384,0.0027909665
Test_801,0.5088964,0.084189296,0.1755879,0.2384945
Test_802,0.0016780011,8.7081025e-06,0.9988551,0.00054700335
Test_803,0.07479743,0.008666705,0.5727734,0.23008956
Test_804,0.122428335,0.026724603,0.77080095,0.07630065
Test_805,0.00061931077,1.4804156e-06,0.9997111,0.00016399598
Test_806,0.04228207,0.016145939,0.036691267,0.8956978
Test_807,0.56655765,0.039706368,0.12459326,0.23372622
Test_808,0.031212896,0.01166903,0.029602207,0.9169904
Test_809,0.51763415,0.080202594,0.15684633,0.2144822
Test_810,0.013708356,0.0016664118,0.94624937,0.027784828
Test_811,0.78145814,0.010188664,0.062893614,0.08967495
Test_812,0.018856661,0.0005799217,0.9619334,0.015054433
Test_813,0.89451575,0.020781646,0.024496922,0.06977137
Test_814,0.046830993,0.01003638,0.023531629,0.8866592
Test_815,0.2972062,0.08593777,0.11094013,0.5101913
Test_816,0.09243942,0.051508557,0.1688456,0.61208034
Test_817,7.542316e-14,3.6493176e-23,1.0,8.627287e-15
Test_818,0.119599804,0.016826587,0.77316153,0.046654895
Test_819,0.012599854,0.00040524532,0.95907664,0.01838771
Test_820,0.9693167,0.0009420059,0.007875481,0.046730056
Test_821,0.22771984,0.12662822,0.41928536,0.2967935
Test_822,0.61095726,0.032138433,0.18111628,0.16514756
Test_823,0.28681168,0.06415952,0.06896202,0.5081158
Test_824,0.30379003,0.057108402,0.06084862,0.50727314
Test_825,0.0007273275,1.8401445e-06,0.9998276,8.153098e-05
Test_826,0.40339094,0.11400953,0.2797457,0.1726515
Test_827,0.9258975,0.0038157732,0.033504847,0.07833503
Test_828,0.0008091659,6.5966587e-06,0.99974245,0.00015574663
Test_829,0.15154527,0.065262124,0.08641909,0.7100142
Test_830,0.3165422,0.21354166,0.1708415,0.39452985
Test_831,0.00014098993,4.6941312e-07,0.999871,0.00010682246
Test_832,0.22488733,0.13837408,0.21200393,0.4427585
Test_833,0.35416287,0.1692276,0.32933348,0.30695954
Test_834,0.32239538,0.16680993,0.3657341,0.3124879
Test_835,0.026638074,0.0011656743,0.96783644,0.011034382
Test_836,0.29013646,0.21820614,0.3073056,0.39370757
Test_837,0.527448,0.10744056,0.18899837,0.25074178
Test_838,0.38444832,0.1416313,0.22813433,0.32753885
Test_839,0.04006551,0.0053297705,0.9036516,0.024947572
Test_840,0.091810636,0.0059519014,0.23213573,0.38871592
Test_841,0.13110663,0.08248871,0.10851793,0.6994678
Test_842,0.011904086,0.004724298,0.008022157,0.97418946
Test_843,0.0054640714,6.346904e-05,0.9935887,0.0033717619
Test_844,0.13250667,0.0852318,0.3277503,0.41999084
Test_845,0.015489862,0.00045334277,0.985046,0.005171586
Test_846,0.4264801,0.08439477,0.14267163,0.35103866
Test_847,0.16928588,0.02766698,0.46647286,0.22314037
Test_848,0.33170995,0.12140026,0.37415656,0.27979547
Test_849,0.20327745,0.00502965,0.053137336,0.52414924
Test_850,0.05268603,0.00020503448,0.9629166,0.0054099704
Test_851,0.24071167,0.14311235,0.2907222,0.3765898
Test_852,0.023702135,0.0017101323,0.9664898,0.012151605
Test_853,0.0894273,0.028733676,0.50172144,0.27109334
Test_854,0.15750077,0.01462004,0.11975158,0.52697116
Test_855,0.046935316,0.011697849,0.060297236,0.83126134
Test_856,0.97415084,0.00066338084,0.0063293506,0.014875784
Test_857,0.23805752,0.0017147427,0.7024823,0.032880735
Test_858,0.005473854,0.00022648816,0.9911634,0.00450401
Test_859,0.06988184,0.03248883,0.14676522,0.6623685
Test_860,0.08131961,0.005217927,0.094561286,0.6585107
Test_861,0.012405528,0.00045169756,0.961582,0.017700382
Test_862,0.12083455,0.040005248,0.1293166,0.5043871
Test_863,0.71121347,0.034032613,0.0855006,0.10251931
Test_864,0.06330926,0.0059036007,0.90349543,0.033977054
Test_865,0.42992687,0.023942979,0.340528,0.11161588
Test_866,0.012574768,0.0005088503,0.9877675,0.004805756
Test_867,0.35374588,0.21020089,0.29124933,0.35837767
Test_868,0.7534588,0.04288747,0.0734563,0.1434204
Test_869,0.8865948,0.005875805,0.024901947,0.07834735
Test_870,0.91272616,0.012839339,0.016907422,0.054521844
Test_871,0.22383915,0.14420551,0.31734118,0.41126755
Test_872,0.77795047,0.018637765,0.08122651,0.11549203
Test_873,0.11130397,0.044950396,0.044216357,0.80308706
Test_874,0.2747769,0.18438743,0.2659105,0.44606733
Test_875,0.4617979,0.15309563,0.16031146,0.28740484
Test_876,0.5790641,0.125762,0.14931798,0.18754785
Test_877,0.23385173,0.030578198,0.037119552,0.6512344
Test_878,0.3088905,0.1534136,0.1697931,0.4280745
Test_879,0.50485903,0.049221568,0.23256817,0.12341753
Test_880,8.162597e-05,4.087658e-08,0.9999259,6.240381e-05
Test_881,4.6726755e-06,3.2966554e-09,0.9999978,3.3272493e-06
Test_882,0.0005100819,3.3092492e-06,0.99896604,0.0007853991
Test_883,0.1276364,0.036042206,0.43648392,0.30831254
Test_884,0.7262613,0.0030611823,0.15702851,0.027143054
Test_885,0.6665643,0.0046192612,0.18851116,0.035738483
Test_886,0.9977403,5.7413374e-05,0.0007124436,0.012255553
Test_887,0.7453671,0.044673007,0.07825553,0.15400214
Test_888,0.034159306,0.0035098635,0.9552913,0.015909452
Test_889,0.6876256,0.023349917,0.11704003,0.04151034
Test_890,0.25438163,0.12620485,0.4135478,0.29039562
Test_891,0.324126,0.053334676,0.16528635,0.32253072
Test_892,0.0057224357,0.00013530516,0.9807038,0.007542353
Test_893,0.34112412,0.116121486,0.2647736,0.22124024
Test_894,0.1645653,0.02860976,0.48976502,0.20011142
Test_895,0.5174232,0.25831354,0.14572252,0.1578706
Test_896,0.28559008,0.0076521393,0.57703114,0.06572575
Test_897,0.90411687,0.0054400023,0.039993905,0.06439534
Test_898,0.46417874,0.025184922,0.22879516,0.20600715
Test_899,0.5339474,0.00041002553,0.3557531,0.009037709
Test_900,0.22923647,0.17777382,0.24372745,0.46645027
Test_901,0.01446485,4.6144116e-05,0.99171704,0.002063096
Test_902,0.944641,0.012901791,0.011615018,0.032147173
Test_903,0.031683523,0.00054637354,0.89687186,0.041719098
Test_904,0.56588733,0.07204828,0.15670079,0.2635767
Test_905,8.023533e-06,4.8251705e-09,0.99999887,1.1819689e-06
Test_906,0.0023583546,9.643708e-06,0.99862516,0.00071645365
Test_907,0.13668656,0.06701378,0.44256592,0.31774694
Test_908,0.19128601,0.014598972,0.012092181,0.72627807
Test_909,0.6377488,0.070475474,0.11228077,0.2027157
Test_910,0.013169433,0.0006928946,0.97911286,0.00902401
Test_911,0.2437522,0.1494378,0.2818713,0.4224142
Test_912,0.0008539842,4.031009e-06,0.999339,0.00036839346
Test_913,0.023390519,0.0028226974,0.8039858,0.11012377
Test_914,0.18151158,0.087319255,0.28400496,0.4314647
Test_915,9.5680785e-05,1.2762575e-07,0.9999053,9.056917e-05
Test_916,0.50317425,0.06813108,0.23864837,0.22155863
Test_917,0.003790386,2.551242e-05,0.99846536,0.0006165627
Test_918,0.17528772,0.019415233,0.53815675,0.10573596
Test_919,0.14379346,0.048023622,0.09071059,0.6642027
Test_920,0.19791502,0.08109812,0.52446723,0.21942441
Test_921,0.12918979,0.06729496,0.098922744,0.72739565
Test_922,0.17126888,0.06585374,0.39802817,0.29128957
Test_923,0.41866657,0.09694585,0.2883792,0.2567403
Test_924,0.020408316,0.0021094088,0.005093633,0.9510473
Test_925,0.5923595,0.1038625,0.1277336,0.18796407
Test_926,0.14840107,0.019195596,0.60531825,0.15774098
Test_927,0.11889891,0.058093753,0.09946091,0.68947905
Test_928,0.004783374,1.7014898e-05,0.9960475,0.0018517801
Test_929,0.1446584,0.0240407,0.30156055,0.41532505
Test_930,0.9607243,0.008544011,0.0074123363,0.03148926
Test_931,0.47603336,0.1053383,0.11620042,0.27811956
Test_932,0.039164364,0.013758701,0.02206457,0.93160486
Test_933,0.5718995,0.027405987,0.155939,0.17611587
Test_934,0.3988784,0.18074751,0.26796782,0.3101155
Test_935,9.12603e-05,7.7549245e-08,0.9999665,2.3861376e-05
Test_936,0.28300712,0.0060788044,0.031925812,0.54846644
Test_937,0.28380722,0.14598341,0.2626562,0.21926408
Test_938,0.18279056,0.07934905,0.19414699,0.4420146
Test_939,0.4425295,0.06541417,0.27825487,0.17281534
Test_940,0.5032199,0.027594473,0.084533155,0.2600591
Test_941,0.70868266,0.046268154,0.07859209,0.2010966
Test_942,0.100446515,0.01391703,0.027597282,0.8373911
Test_943,0.0028628947,3.2235987e-06,0.99928194,0.00026321545
Test_944,0.28407627,0.035765216,0.48189715,0.11550221
Test_945,0.726957,0.0053283474,0.13353035,0.06877913
Test_946,0.11299985,0.02980311,0.77290475,0.08443512
Test_947,0.60010165,0.005771799,0.22174913,0.03575161
Test_948,0.35851452,0.27255893,0.29075027,0.3398413
Test_949,0.1457842,0.014057909,0.015507113,0.8119076
Test_950,0.004326434,0.00055404595,0.003911603,0.9902804
Test_951,0.00027246124,7.8719006e-07,0.9998184,0.00012544107
Test_952,0.010372067,0.0034516465,0.0086036725,0.9747969
Test_953,0.11006951,0.07185493,0.08160959,0.75323457
Test_954,0.13204062,0.035922643,0.07997515,0.70420164
Test_955,0.20372464,0.004178306,0.055353973,0.4578087
Test_956,0.4961824,0.15017667,0.17819384,0.2786369
Test_957,0.76373243,0.036349013,0.06632615,0.12065535
Test_958,0.25991496,0.087992735,0.13197759,0.5285161
Test_959,0.00704825,8.992378e-06,0.99753946,0.000531739
Test_960,0.00095595734,4.044568e-06,0.9992146,0.00046246604
Test_961,0.18973693,0.025579467,0.030810185,0.6922432
Test_962,0.5395346,0.004589995,0.11922865,0.09960861
Test_963,0.84607327,0.013047652,0.05059657,0.056543916
Test_964,1.6380314e-05,3.5484373e-09,0.9999911,9.0319545e-06
Test_965,0.96539944,0.0010271941,0.012277265,0.0148996925
Test_966,0.054838147,0.00089750864,0.9255009,0.02523528
Test_967,0.47230253,0.0028151579,0.2313934,0.06531972
Test_968,2.3319447e-07,4.842604e-13,1.0,8.065857e-09
Test_969,0.002603018,4.9525457e-05,0.99578196,0.00232527
Test_970,0.7551943,0.0078167245,0.10572401,0.049094357
Test_971,0.2262463,0.034230955,0.11581059,0.49866354
Test_972,0.0014649468,4.3172563e-06,0.9971511,0.0017202147
Test_973,0.00016199004,7.8753345e-08,0.9999601,2.5748288e-05
Test_974,0.44301242,0.21062776,0.21791668,0.2303609
Test_975,0.5118265,0.19033028,0.16727087,0.17347048
Test_976,0.002654988,2.5834077e-05,0.9956004,0.0024686982
Test_977,0.0592017,0.00929501,0.071244396,0.7382212
Test_978,0.13387592,0.05934115,0.7065493,0.11349844
Test_979,0.5302473,0.23694484,0.13654503,0.1241402
Test_980,0.6301886,0.040825546,0.15828401,0.14007303
Test_981,0.29265428,0.01588131,0.021578467,0.6360068
Test_982,0.35672447,0.04486439,0.07495818,0.4412963
Test_983,6.346861e-05,1.2434633e-07,0.9999498,4.635299e-05
Test_984,0.18134797,0.112600766,0.2561742,0.4637482
Test_985,0.18617068,0.11293403,0.12443312,0.65889394
Test_986,0.037687223,0.019361855,0.0323622,0.89899987
Test_987,0.23167725,0.11545932,0.14861304,0.5007856
Test_988,0.53212595,0.021329764,0.22230011,0.11166866
Test_989,0.9954722,0.00013172244,0.0014222289,0.004850492
Test_990,0.13000917,0.050104123,0.3637676,0.398301
Test_991,0.010880717,0.00016623094,0.9700743,0.01386681
Test_992,0.6133857,0.24998343,0.09146495,0.09265153
Test_993,0.3887708,0.107015036,0.29114735,0.18001512
Test_994,0.10794903,0.016849304,0.45062274,0.2834758
Test_995,0.5418117,0.031004189,0.21764947,0.12327038
Test_996,0.3386896,0.27450505,0.3155649,0.37083974
Test_997,0.2611478,0.16113245,0.4390116,0.19345385
Test_998,0.0023537814,6.8627596e-05,0.99431586,0.0035259807
Test_999,0.17715101,0.017393487,0.6890298,0.10778044
Test_1000,0.005218331,3.0827352e-05,0.9915931,0.003787956
Test_1001,0.9581184,0.005233924,0.010663854,0.039431795
Test_1002,0.016926121,0.00026104567,0.9322171,0.034749
Test_1003,0.20943056,0.076555975,0.56770086,0.17179689
Test_1004,0.44535872,0.0950307,0.21821833,0.28145617
Test_1005,0.47418898,0.110305995,0.20703606,0.22939837
Test_1006,1.6256571e-08,4.973409e-14,1.0,2.1389523e-09
Test_1007,0.7013687,0.020005027,0.033132676,0.24776395
Test_1008,0.70888627,0.06600165,0.08991684,0.1465851
Test_1009,0.0046989564,0.00015262407,0.9970893,0.001301074
Test_1010,0.011091904,0.00028304316,0.9833629,0.0076871566
Test_1011,5.144673e-06,6.744699e-10,0.9999992,7.7444435e-07
Test_1012,0.32255825,0.1677073,0.3652091,0.31305334
Test_1013,0.0077888668,0.00014729533,0.9814461,0.009190766
Test_1014,0.13399792,0.04623332,0.45697683,0.29053202
Test_1015,0.3811803,0.19601424,0.26761675,0.341514
Test_1016,0.88388556,0.024132838,0.030548338,0.056262165
Test_1017,0.36498976,0.23905696,0.28986105,0.30834427
Test_1018,0.046641286,0.023343708,0.043082718,0.8715871
Test_1019,0.000105552295,3.1045232e-07,0.99994004,5.1734933e-05
Test_1020,0.001354679,5.687548e-06,0.99960786,0.00019049578
Test_1021,0.09760875,0.028289301,0.60359734,0.19698171
Test_1022,0.024234138,0.0012428701,0.89749986,0.04817725
Test_1023,0.61239487,0.10851316,0.10688976,0.13234212
Test_1024,0.17418857,0.101850085,0.22850648,0.50167495
Test_1025,0.76596427,0.023266705,0.037842706,0.17543948
Test_1026,0.4433927,0.057118744,0.26219895,0.18036142
Test_1027,0.0558008,0.018306801,0.058285434,0.83539385
Test_1028,0.09175094,0.010625002,0.7353373,0.10113023
Test_1029,0.89142346,0.013500663,0.029540699,0.09490935
Test_1030,0.20996447,0.029469743,0.5469116,0.17525807
Test_1031,0.094415165,0.021039847,0.04141994,0.6789468
Test_1032,0.35353243,0.21966486,0.24694115,0.2956229
Test_1033,0.27018124,0.041455954,0.4784696,0.072593965
Test_1034,0.08157622,0.0060622613,0.8715733,0.04601726
Test_1035,0.1943894,0.024685754,0.5764599,0.16985087
Test_1036,0.37039757,0.01566912,0.2732138,0.16290322
Test_1037,0.29782927,0.18991087,0.3824786,0.30936915
Test_1038,0.16579966,0.088654995,0.29078695,0.45411283
Test_1039,0.6330159,0.059237648,0.1342492,0.19038151
Test_1040,0.40077806,0.19585565,0.2286431,0.34823468
Test_1041,0.20604853,0.06527787,0.57619447,0.17164566
Test_1042,0.2853613,0.10418277,0.25693148,0.37813023
Test_1043,0.15499336,0.023310171,0.6075393,0.13714232
Test_1044,0.748573,0.037605528,0.09412404,0.14414693
Test_1045,1.3939502e-08,2.0416913e-13,1.0,1.9628718e-10
Test_1046,0.20267788,0.0019441232,0.74400353,0.038993932
Test_1047,0.9523143,0.002945622,0.014591305,0.05878693
Test_1048,0.05708384,0.027710767,0.060558088,0.83236873
Test_1049,0.17346868,0.026187375,0.5325547,0.11183178
Test_1050,0.020430356,0.00027800974,0.96078295,0.013621329
Test_1051,0.31312144,0.19787373,0.25965458,0.33268562
Test_1052,0.56297654,0.08178409,0.12607728,0.25177765
Test_1053,0.017195757,0.0004508115,0.9668277,0.0129803475
Test_1054,0.28258577,0.11669078,0.13615288,0.4474822
Test_1055,0.43061674,0.03368982,0.32395703,0.17090696
Test_1056,3.6788515e-05,2.3613728e-08,0.999996,3.0387612e-06
Test_1057,0.36598194,0.10936543,0.32412723,0.2445121
Test_1058,0.6042755,0.05281197,0.15031236,0.1964936
Test_1059,0.13061558,0.02218304,0.21912256,0.32346666
Test_1060,0.38077104,0.27043954,0.2649657,0.30743697
Test_1061,0.36256427,0.1579706,0.29209504,0.3234765
Test_1062,0.77900976,0.013349745,0.016273834,0.17320484
Test_1063,0.042668093,0.010452102,0.86220235,0.06004925
Test_1064,0.86788654,0.0051122718,0.047882438,0.045836255
Test_1065,0.9775468,0.002852328,0.00526574,0.023408987
Test_1066,0.38140354,0.1732516,0.19583885,0.34950498
Test_1067,0.2615322,0.017709961,0.5187974,0.121003255
Test_1068,0.39349985,0.110399224,0.1420752,0.3941717
Test_1069,0.09890306,0.04025175,0.19828363,0.56111044
Test_1070,0.6934327,0.035695657,0.10379652,0.11013311
Test_1071,0.04112618,0.0015943577,0.7241939,0.1191378
Test_1072,0.42500868,0.1348655,0.20799685,0.26680335
Test_1073,0.7945126,0.042909812,0.04333689,0.09891878
Test_1074,0.21495385,0.0066382103,0.45056042,0.082373396
Test_1075,0.07866954,0.022323277,0.847825,0.055893578
Test_1076,0.62597007,0.14542745,0.10270542,0.14566761
Test_1077,0.2732806,0.036677435,0.27324036,0.2992041
Test_1078,0.0626674,0.0025389087,0.67328215,0.064864285
Test_1079,0.0058059497,4.8303616e-05,0.98481965,0.0074936775
Test_1080,0.3727525,0.24035892,0.28698304,0.34342787
Test_1081,0.0902595,0.012648201,0.8337078,0.060895644
Test_1082,0.19075494,0.010188241,0.22170334,0.23793489
Test_1083,0.94643795,0.0007117093,0.0148992445,0.052524474
Test_1084,0.2968676,0.10034731,0.42861375,0.2535983
Test_1085,0.16780558,0.008904172,0.022336196,0.73167896
Test_1086,0.34111863,0.08326246,0.25060728,0.2154551
Test_1087,0.10102187,0.018969582,0.094236106,0.74152255
Test_1088,0.41829535,0.013957101,0.36387557,0.11055405
Test_1089,0.24481466,0.1739559,0.1805027,0.53266263
Test_1090,0.11334783,0.02102436,0.583929,0.19552538
Test_1091,0.3040869,0.04302301,0.11260306,0.3411745
Test_1092,0.5226122,0.034023628,0.061830416,0.30922878
Test_1093,0.24498978,0.0635178,0.1239132,0.52090824
Test_1094,0.9496929,0.0014461433,0.018967466,0.033097897
Test_1095,0.18049178,0.042568,0.22190295,0.42093274
Test_1096,0.19362216,0.024437148,0.22870876,0.40099892
Test_1097,0.5281984,0.077383354,0.10292044,0.30763507
Test_1098,0.7748128,0.015990784,0.014638736,0.17990193
Test_1099,0.4803682,0.0075867567,0.26436523,0.057492737
Test_1100,0.011040096,0.00033400557,0.98893034,0.004488864
Test_1101,0.23800628,0.007895924,0.034400478,0.5204512
Test_1102,0.021976523,0.0034965952,0.81081015,0.113912374
Test_1103,0.15427221,0.048211288,0.3488398,0.36831918
Test_1104,0.24520391,0.13659115,0.3311398,0.35896504
Test_1105,0.22860307,0.110059515,0.50785905,0.2190923
Test_1106,0.91594833,0.0024378086,0.03167656,0.035908286
Test_1107,5.0836463e-10,7.389077e-17,1.0,8.088738e-12
Test_1108,0.7022261,0.069054,0.08002835,0.13695331
Test_1109,0.9351276,0.0060293428,0.011235022,0.04916653
Test_1110,5.0925126e-05,3.020328e-08,0.99999326,4.5878996e-06
Test_1111,0.0049933167,4.3348336e-05,0.9902717,0.0045660767
Test_1112,0.29665262,0.07095786,0.13496129,0.46713626
Test_1113,0.06616373,0.00037466202,0.91424435,0.008725676
Test_1114,8.6296066e-05,3.1444987e-08,0.99996465,2.4652183e-05
Test_1115,2.7327225e-05,1.1072129e-09,0.9999965,2.257636e-06
Test_1116,7.797879e-08,1.3037572e-13,1.0,1.95045e-08
Test_1117,0.792592,0.028536022,0.046954263,0.092135735
Test_1118,0.3194701,0.027138622,0.47623363,0.16697577
Test_1119,0.15452181,0.092644274,0.13306175,0.621458
Test_1120,0.5557623,0.035122026,0.22484632,0.17359228
Test_1121,0.066002704,0.008509239,0.78473675,0.08871049
Test_1122,0.026693841,0.006555027,0.05422624,0.8839411
Test_1123,0.07008127,0.006226339,0.017165838,0.8535443
Test_1124,1.0628772e-08,1.6422192e-14,1.0,6.0111525e-09
Test_1125,0.70657176,0.0029870379,0.09536921,0.08202398
Test_1126,0.61673033,0.034778636,0.054793727,0.21153536
Test_1127,0.7456618,0.056677718,0.0649989,0.1411011
Test_1128,0.54221934,0.19888471,0.14655933,0.16806166
Test_1129,9.949668e-06,1.11674e-09,0.9999988,1.046305e-06
Test_1130,0.35068,0.12666386,0.16954334,0.40138125
Test_1131,0.06993685,0.005946817,0.029145796,0.82725894
Test_1132,0.13069403,0.075558,0.07089206,0.7773861
Test_1133,0.37078154,0.059463385,0.047352966,0.45964786
Test_1134,0.020433279,0.002386075,0.9672725,0.01481374
Test_1135,0.27299443,0.21354197,0.21825631,0.47614002
Test_1136,0.49139634,0.031571083,0.022576666,0.3970848
Test_1137,0.3092095,0.2571352,0.2786434,0.40742055
Test_1138,0.38533545,0.03086187,0.07590626,0.378009
Test_1139,0.06245003,0.011259001,0.822286,0.07734453
Test_1140,0.6416632,0.10789243,0.09361392,0.13454472
Test_1141,0.08406336,0.03358159,0.10793636,0.7033197
Test_1142,0.29804483,0.06963372,0.44897306,0.23321284
Test_1143,0.3386896,0.27450505,0.3155649,0.37083974
Test_1144,0.06579213,0.002460752,0.8830311,0.032642707
Test_1145,0.14841658,0.012210996,0.07828009,0.5137781
Test_1146,0.00025513727,4.324527e-07,0.9998426,0.00012245978
Test_1147,0.25489137,0.0946736,0.21749525,0.41453096
Test_1148,0.00075259944,4.8480647e-06,0.9998246,7.4050186e-05
Test_1149,0.46652445,0.042019192,0.25886452,0.15567519
Test_1150,0.4180811,0.15321597,0.27218106,0.29756057
Test_1151,0.6596146,0.097380966,0.109208114,0.1426278
Test_1152,0.9396061,0.0076509663,0.014485672,0.051186968
Test_1153,0.5858294,0.09976491,0.13789567,0.24865869
Test_1154,0.007841761,6.943452e-05,0.9946252,0.0021701367
Test_1155,0.00020423137,6.5277234e-08,0.9999508,2.6066653e-05
Test_1156,0.45203483,0.09414695,0.25369415,0.18859774
Test_1157,0.17526373,0.009343691,0.025504705,0.74181014
Test_1158,0.42041093,0.26045796,0.22642975,0.26011303
Test_1159,0.046788678,0.016360942,0.8418939,0.050715856
Test_1160,0.72276515,0.009928583,0.111886464,0.09056722
Test_1161,0.20927906,0.0129377125,0.616825,0.07183
Test_1162,0.21921428,0.1279477,0.10696963,0.54281026
Test_1163,0.31349322,0.004546489,0.0027111834,0.6344528
Test_1164,0.8855097,0.0027292157,0.05466168,0.030547123
Test_1165,0.00013823892,8.994943e-08,0.9999826,9.81931e-06
Test_1166,0.32016146,0.15486386,0.37298134,0.30477384
Test_1167,0.05506587,0.0063871196,0.78701645,0.096025966
Test_1168,0.12201131,0.016022695,0.43396738,0.28869894
Test_1169,0.5119722,0.15874931,0.1768414,0.25402427
Test_1170,0.42442387,0.11506116,0.28126875,0.26962206
Test_1171,0.54877985,0.0915662,0.12948996,0.25740176
Test_1172,0.67822665,0.06869521,0.08006407,0.14003325
Test_1173,0.6447904,0.078520834,0.07225576,0.18282767
Test_1174,0.44861013,0.038152274,0.15838468,0.29396674
Test_1175,0.0022774877,2.8291677e-05,0.9985581,0.0007052987
Test_1176,0.4012211,0.06751174,0.30551586,0.2294533
Test_1177,0.52019405,0.098633856,0.1024149,0.26970124
Test_1178,0.91734445,0.023855103,0.01798329,0.03295825
Test_1179,0.007693296,0.00020460384,0.9582944,0.02045634
Test_1180,0.5156248,0.0037663188,0.1823547,0.08346049
Test_1181,0.31740952,0.14106427,0.3820252,0.29538164
Test_1182,0.18117522,0.12212084,0.33476672,0.38194263
Test_1183,0.4002291,0.18021142,0.19779709,0.22481458
Test_1184,0.0037061858,0.00012707368,0.9919505,0.0042574564
Test_1185,4.901261e-06,1.2127688e-10,0.99999976,2.1057562e-07
Test_1186,0.00052964885,1.2718921e-06,0.99973756,0.00015064151
Test_1187,0.13863944,0.05995953,0.09007669,0.6807095
Test_1188,0.34729016,0.121264555,0.3243485,0.30037814
Test_1189,0.21562287,0.04570165,0.21505733,0.3785155
Test_1190,0.43872318,0.2651631,0.20698358,0.23431179
Test_1191,0.7140212,0.029472636,0.10587825,0.074021526
Test_1192,0.0016346065,1.4643473e-05,0.99779755,0.0012940845
Test_1193,0.074216664,0.010972154,0.8597032,0.027646003
Test_1194,0.8024755,0.02649114,0.056756157,0.09833441
Test_1195,0.30329996,0.17437339,0.31808585,0.34514144
Test_1196,0.11190254,0.015187758,0.60224193,0.18769558
Test_1197,0.5799186,0.09114871,0.09032985,0.21531755
Test_1198,0.016550027,0.00065809384,0.97203374,0.010372331
Test_1199,0.007235935,5.8077592e-05,0.99628586,0.0014330893
Test_1200,0.6648998,0.058137037,0.12320581,0.18237497
Test_1201,0.27870104,0.1335224,0.31693813,0.28447238
Test_1202,0.6432409,0.04500521,0.12525912,0.12679477
Test_1203,0.5488217,0.05650741,0.10038027,0.29638317
Test_1204,0.09433709,0.033810567,0.6365896,0.182247
Test_1205,0.03402015,0.00348815,0.91771895,0.031744175
Test_1206,0.3567188,0.18629445,0.18962124,0.32808557
Test_1207,0.506543,0.0018683012,0.023673177,0.35646015
Test_1208,0.38362974,0.076799646,0.13914275,0.38016242
Test_1209,0.028300421,0.0017766588,0.9592271,0.017590836
Test_1210,0.04761565,0.019023024,0.06930011,0.82760805
Test_1211,0.46310648,0.10593573,0.24998587,0.25183854
Test_1212,0.14737993,0.06822339,0.23041458,0.5165962
Test_1213,0.018145496,0.0050374907,0.006557726,0.9592537
Test_1214,0.4808541,0.06639921,0.106201105,0.26010376
Test_1215,0.10262624,0.019925632,0.09897033,0.6842251
Test_1216,0.04133551,0.002702497,0.91769606,0.028532412
Test_1217,0.07781986,0.041047823,0.25675943,0.5135803
Test_1218,0.31555232,0.06592123,0.31997043,0.25146863
Test_1219,0.25052506,0.10480621,0.30876163,0.28383157
Test_1220,0.109448306,0.038954046,0.14480965,0.6183314
Test_1221,0.053974073,0.0033970545,0.015448439,0.85229075
Test_1222,0.013738108,0.000213765,0.9685371,0.014884114
Test_1223,0.23815174,0.13697217,0.23563574,0.44195765
Test_1224,0.07729318,0.0057152375,0.88198495,0.040858123
Test_1225,0.54670495,0.00044199216,0.3487015,0.006670536
Test_1226,0.29459158,0.013588834,0.37533295,0.1667743
Test_1227,0.40195298,0.26847586,0.24231829,0.27887934
Test_1228,0.023432717,0.0032476194,0.8359709,0.077004455
Test_1229,0.29265028,0.1267634,0.21629919,0.41860896
Test_1230,0.3599478,0.11115702,0.16535637,0.41393688
Test_1231,0.18718462,0.0396172,0.059712633,0.5926443
Test_1232,0.5565728,0.09871501,0.1825797,0.2488994
Test_1233,0.047603324,0.0035413408,0.86704266,0.050124407
Test_1234,0.12194039,0.016947575,0.34239542,0.25763372
Test_1235,0.911362,0.0061907633,0.027669866,0.0317496
Test_1236,0.6832879,0.024602348,0.13596803,0.14507021
Test_1237,0.14504401,0.029238584,0.5972493,0.17944664
Test_1238,4.8173202e-05,1.3688595e-08,0.9999813,1.4078e-05
Test_1239,0.1410488,0.02281461,0.30879533,0.38021082
Test_1240,0.00029868944,1.4934473e-06,0.99971616,0.00020012392
Test_1241,0.08974957,0.0539363,0.082996406,0.76317436
Test_1242,0.42651302,0.036556553,0.05409975,0.45347375
Test_1243,2.171427e-05,3.7481542e-09,0.9999931,6.0826264e-06
Test_1244,0.131874,0.019329505,0.052637998,0.6896915
Test_1245,0.00082411885,9.231922e-05,0.00044348152,0.9989451
Test_1246,0.17589873,0.10102778,0.35051593,0.35666874
Test_1247,0.001384697,9.375385e-06,0.99780315,0.0012760073
Test_1248,1.06130165e-05,3.94112e-09,0.9999891,1.5251601e-05
Test_1249,0.0013075268,1.35075825e-05,0.99478215,0.003697115
Test_1250,0.82642704,0.0035315845,0.08513928,0.044792686
Test_1251,0.19209543,0.0011485904,0.78023577,0.023633765
Test_1252,0.08430671,0.025101706,0.7935327,0.08237151
Test_1253,0.77482754,0.07115582,0.053608328,0.08961215
Test_1254,0.28219736,0.0022968438,0.6515276,0.031019129
Test_1255,0.32659212,0.05077566,0.09875646,0.4475546
Test_1256,6.0295475e-05,2.459639e-08,0.99997085,2.3867156e-05
Test_1257,0.053933743,0.003881133,0.70813334,0.14098945
Test_1258,0.9534105,0.007618647,0.012188701,0.029816499
Test_1259,0.36470407,0.13500273,0.14063175,0.39474347
Test_1260,0.59384334,0.08391285,0.15727937,0.22371925
Test_1261,0.00016086531,7.016574e-07,0.99967957,0.00028194912
Test_1262,0.19518122,0.05977388,0.26875386,0.4273767
Test_1263,0.00086498604,2.7139429e-06,0.9987953,0.00063579786
Test_1264,0.5019211,0.09186638,0.20739332,0.15593459
Test_1265,0.00081418984,6.650456e-05,0.7929718,0.16143443
Test_1266,0.0076650437,0.00019184263,0.99429613,0.0019351782
Test_1267,0.12599315,0.013489047,0.7797812,0.07686566
Test_1268,0.30915713,0.09688416,0.2625574,0.3154962
Test_1269,2.9589594e-06,2.4221455e-10,0.9999996,4.811544e-07
Test_1270,0.02034805,0.0005677939,0.9820912,0.006384811
Test_1271,0.35007122,0.015631633,0.065517284,0.3830708
Test_1272,0.4191735,0.26691115,0.22517058,0.25723955
Test_1273,0.7779449,0.0029115912,0.10430756,0.029269377
Test_1274,0.45893705,0.016012724,0.04504752,0.40269867
Test_1275,0.00027298098,9.435493e-07,0.99989146,6.929852e-05
Test_1276,0.30175966,0.052845243,0.32173976,0.22711797
Test_1277,1.3843561e-08,5.6562438e-14,1.0,5.0339186e-09
Test_1278,0.19306512,0.0039719343,0.55072933,0.10024914
Test_1279,0.057181377,0.0104710525,0.026707152,0.8573382
Test_1280,0.00035540137,2.1663291e-07,0.99964184,0.00023682712
Test_1281,0.056403205,0.0052576344,0.8665325,0.057840604
Test_1282,0.700426,0.07720226,0.08933572,0.14235467
Test_1283,0.00035519962,1.2178638e-06,0.99988526,6.49942e-05
Test_1284,0.0964587,0.029186059,0.16976091,0.5189886
Test_1285,0.1529666,0.023855174,0.66537684,0.102008924
Test_1286,0.13449655,0.020285182,0.05883657,0.69127995
Test_1287,0.82478875,0.006401207,0.019659847,0.14000428
Test_1288,0.71838516,0.011382113,0.11347431,0.013037242
Test_1289,0.32397705,0.042169746,0.41842115,0.15224513
Test_1290,0.2774389,0.1810828,0.24931465,0.46398887
Test_1291,0.4907119,0.041300535,0.104484364,0.3510648
Test_1292,0.00020765449,4.379231e-08,0.9999799,9.227632e-06
Test_1293,0.17861167,0.058056936,0.57967496,0.17228246
Test_1294,0.3884045,0.21867423,0.27999115,0.3389426
Test_1295,0.022889744,0.000665303,0.9797294,0.006741474
Test_1296,0.43013784,0.031737126,0.17774263,0.1119215
Test_1297,0.23118336,0.15779594,0.26032785,0.4598932
Test_1298,0.007613227,0.0002510276,0.9818579,0.009053826
Test_1299,4.444727e-06,6.7223005e-10,0.9999996,4.2332744e-07
Test_1300,0.0036936866,3.1071588e-05,0.9984115,0.0005585228
Test_1301,0.0002044071,1.5841484e-07,0.99993205,4.1979863e-05
Test_1302,0.24006547,0.046066906,0.07498759,0.49914765
Test_1303,0.14851134,0.021990504,0.5953759,0.15135697
Test_1304,0.015991855,0.0013173487,0.9379736,0.032039143
Test_1305,0.15592729,0.018530168,0.7211555,0.078779
Test_1306,0.1837055,0.12405121,0.16718166,0.5858235
Test_1307,1.0715701e-06,2.8232364e-11,0.99999964,5.6011214e-07
Test_1308,0.038321376,0.014415874,0.034572143,0.89060634
Test_1309,0.19852501,0.16129823,0.13289279,0.61649585
Test_1310,0.23546979,0.010898477,0.053117685,0.5803771
Test_1311,0.3370752,0.06192055,0.23733738,0.2615043
Test_1312,0.48513675,0.098351456,0.15946671,0.31809545
Test_1313,0.052450653,0.004800718,0.85939157,0.05694517
Test_1314,0.25222015,0.06745884,0.5054862,0.19875252
Test_1315,0.63307434,0.04446653,0.120966315,0.1253412
Test_1316,0.33200064,0.16585124,0.2668075,0.31190714
Test_1317,0.051781327,0.0023087217,0.008686729,0.91402036
Test_1318,0.25538453,0.058481816,0.31579247,0.31736898
Test_1319,0.2649666,0.042875297,0.49040097,0.15976848
Test_1320,0.39005813,0.24977727,0.25949126,0.30845368
Test_1321,0.6053569,0.069913775,0.13406253,0.22794272
Test_1322,0.9957169,1.8110413e-05,0.0020044777,0.0042854603
Test_1323,0.0006375794,2.4104105e-07,0.99991363,3.8232247e-05
Test_1324,0.97881556,0.0018201338,0.006647373,0.022367988
Test_1325,0.11448457,0.011247404,0.025558978,0.7931514
Test_1326,0.09544954,0.002364705,0.02980279,0.766463
Test_1327,0.017770933,0.00037038804,0.97268665,0.010558328
Test_1328,0.061349012,0.020887498,0.06012232,0.8424136
Test_1329,0.005085043,6.945644e-05,0.9962603,0.0015377582
Test_1330,0.64549404,0.017780332,0.17987955,0.13401422
Test_1331,0.23017058,0.008627037,0.19625236,0.28098568
Test_1332,0.069534004,0.015553443,0.017974885,0.8738566
Test_1333,0.04705715,0.00028227537,0.7849124,0.038695667
Test_1334,0.073682055,0.028984603,0.08799204,0.7807986
Test_1335,4.867943e-05,9.739642e-09,0.9999918,5.502619e-06
Test_1336,0.23300073,0.041421328,0.5577845,0.1770437
Test_1337,0.1417732,0.0017763483,0.7870468,0.0055557415
Test_1338,0.30206397,0.23901013,0.28302243,0.40975273
Test_1339,0.4657262,0.1819054,0.20911545,0.26671126
Test_1340,0.67877364,0.04163786,0.099875316,0.09485102
Test_1341,0.074706815,0.0011358145,0.68526006,0.076217405
Test_1342,0.04577748,0.0023953964,0.8128127,0.082397714
Test_1343,0.13959542,0.06243062,0.27643737,0.46003526
Test_1344,0.27539533,0.009934318,0.5745678,0.04988841
Test_1345,0.1278555,0.0040030833,0.81970173,0.05654396
Test_1346,0.2613858,0.007268088,0.009074072,0.6025306
Test_1347,0.5190673,0.01299621,0.048853062,0.2952036
Test_1348,0.47291076,0.2058041,0.1950528,0.24493548
Test_1349,0.03390824,0.0020641447,0.87258166,0.05846752
Test_1350,0.21402323,0.0759927,0.35871089,0.20926659
Test_1351,1.6303106e-06,3.6403874e-10,0.9999992,1.3300745e-06
Test_1352,0.011719792,5.579999e-05,0.994032,0.0019985836
Test_1353,0.9519857,0.003329824,0.014147179,0.0325481
Test_1354,0.62626123,0.07178498,0.1487787,0.20613945
Test_1355,0.9519916,0.007218876,0.010596653,0.042711806
Test_1356,0.14488378,0.08977252,0.083359085,0.72418755
Test_1357,0.00010943207,5.733839e-07,0.999744,0.00028871268
Test_1358,0.19480108,0.10230786,0.24585025,0.49535155
Test_1359,0.8816226,0.006175682,0.010822588,0.097503975
Test_1360,0.55207443,0.25533086,0.1238939,0.1312234
Test_1361,5.526604e-08,7.138147e-13,1.0,2.3433304e-09
Test_1362,0.0005635835,2.3750583e-06,0.9991712,0.0005498459
Test_1363,0.4227936,0.060924802,0.31531513,0.21666633
Test_1364,0.003796807,2.4336538e-05,0.9758383,0.009505276
Test_1365,0.40886652,0.16300525,0.18028058,0.3240991
Test_1366,0.30900922,0.047724288,0.4145791,0.08215516
Test_1367,3.5324224e-06,6.6265693e-10,0.9999981,2.5999943e-06
Test_1368,0.0018835526,1.848115e-05,0.9960742,0.0018468203
Test_1369,0.5345845,0.122221224,0.16702572,0.16411893
Test_1370,0.3676451,0.13678946,0.21756686,0.26629397
Test_1371,0.37531793,0.21480122,0.23592563,0.34231225
Test_1372,0.72691274,0.06659471,0.07814139,0.14085077
Test_1373,0.3412008,0.01144004,0.31887347,0.15947606
Test_1374,3.6965794e-05,3.2868066e-08,0.99991167,9.873957e-05
Test_1375,0.12937751,0.018676722,0.43801236,0.2517353
Test_1376,0.59120184,0.057811182,0.11088052,0.16704364
Test_1377,0.60955364,0.049862053,0.1506574,0.11057471
Test_1378,0.5510247,0.044338692,0.20046964,0.123363845
Test_1379,4.104731e-05,2.5178812e-08,0.9999717,3.3002023e-05
Test_1380,0.6810362,0.0018089648,0.17247793,0.009120197
Test_1381,0.3626903,0.004711153,0.2659793,0.13196889
Test_1382,0.017821541,0.0011434185,0.9819272,0.0068899184
Test_1383,0.2636323,0.010291531,0.019066669,0.55064404
Test_1384,0.45437098,0.036278818,0.11687864,0.28490832
Test_1385,0.15465957,0.024533562,0.0775336,0.67839485
Test_1386,0.39668772,0.26455054,0.24959333,0.2890056
Test_1387,0.29832542,0.19799559,0.3659445,0.3232361
Test_1388,0.0015758775,3.8053045e-06,0.9996074,0.00016081073
Test_1389,0.027721472,0.0032834278,0.9431821,0.022332333
Test_1390,0.20904219,0.07738968,0.5734899,0.16323212
Test_1391,9.166132e-07,1.5122046e-11,0.99999946,8.105408e-07
Test_1392,0.0100572435,0.00016187748,0.9787955,0.009081123
Test_1393,0.00012513725,1.1809441e-07,0.9998442,0.00014359453
Test_1394,0.1064267,0.020515552,0.3938446,0.30991173
Test_1395,0.62277406,0.06833631,0.15436997,0.21634713
Test_1396,0.0138973985,0.00028496073,0.97292536,0.011153991
Test_1397,0.0142894685,0.00021601451,0.98057616,0.0073720273
Test_1398,0.00130168,3.8748544e-06,0.99946165,0.00024093396
Test_1399,1.0416741e-05,1.6582349e-09,0.99999905,7.9324604e-07
Test_1400,0.12872423,0.07640392,0.0942723,0.72918445
Test_1401,0.3077175,0.009380387,0.40627283,0.15905145
Test_1402,0.3256317,0.06514047,0.26805648,0.27982226
Test_1403,0.0063986355,0.00065510947,0.9540018,0.03370424
Test_1404,0.0007343538,7.4224454e-07,0.99965775,0.00018145202
Test_1405,4.7052206e-05,1.0991214e-07,0.9985901,0.0013648662
Test_1406,0.0008946907,7.998512e-06,0.9985269,0.0009832246
Test_1407,0.29246694,0.09125619,0.16579966,0.43342733
Test_1408,0.7240378,0.06683324,0.08174013,0.13634148
Test_1409,0.26209906,0.101012886,0.29450643,0.36368322
Test_1410,0.2868897,0.12160024,0.42515886,0.26632077
Test_1411,0.11145547,0.015588425,0.559553,0.21884723
Test_1412,0.04468724,0.014378247,0.14777426,0.72245544
Test_1413,0.57215303,0.017419575,0.08347334,0.2775034
Test_1414,7.165752e-06,8.360875e-09,0.9999962,4.819075e-06
Test_1415,0.12321252,0.02932836,0.69880986,0.108569145
Test_1416,0.14050078,0.015760446,0.6796319,0.08477073
Test_1417,0.31115827,0.11278257,0.29748848,0.33286184
Test_1418,0.48193988,0.029980155,0.05741506,0.36844712
Test_1419,0.01659373,0.0010047245,0.93381315,0.032105908
Test_1420,0.1959312,0.13695244,0.2519172,0.44696054
Test_1421,0.030601082,0.0118260365,0.024969144,0.9021295
Test_1422,0.08967257,0.007216837,0.85479313,0.051792167
Test_1423,0.0020147054,2.9286643e-05,0.9918098,0.0055854344
Test_1424,0.13464521,0.07052719,0.35106054,0.39413923
Test_1425,0.0062062605,4.8856156e-05,0.9951788,0.0017927411
Test_1426,0.98863685,0.00013854522,0.0033942226,0.01833949
Test_1427,0.09091606,0.044074267,0.07110507,0.7158796
Test_1428,0.6918508,0.034696646,0.061861604,0.21509929
Test_1429,0.69016033,0.053118277,0.07025877,0.14842224
Test_1430,0.06432209,0.022087572,0.09810803,0.7775581
Test_1431,0.42033172,0.2668068,0.22405605,0.25583336
Test_1432,0.040776502,0.00185016,0.8936014,0.04290281
Test_1433,6.955724e-09,1.9411128e-15,1.0,1.180097e-10
Test_1434,0.03446908,0.0013393812,0.8972604,0.043828536
Test_1435,0.07739874,0.03577617,0.07670832,0.79415387
Test_1436,0.14853786,0.022060852,0.66106445,0.13675804
Test_1437,0.17794584,0.06554822,0.30565667,0.4064395
Test_1438,0.046043806,0.00045710328,0.4313356,0.1681143
Test_1439,0.41674587,0.19499117,0.23650837,0.26189423
Test_1440,0.24261577,0.13332415,0.3390253,0.37374547
Test_1441,0.31282163,0.012673898,0.46361145,0.0759023
Test_1442,0.24356614,0.13712585,0.39530036,0.3151182
Test_1443,0.71880865,0.033777483,0.10639742,0.1929695
Test_1444,0.00022179355,3.3087431e-07,0.99980724,0.0001395795
Test_1445,0.097421125,0.019779837,0.09203709,0.68083745
Test_1446,0.26091203,0.1608721,0.28766957,0.42154098
Test_1447,0.30411333,0.1879865,0.22460593,0.4201921
Test_1448,0.4987643,0.1250163,0.21408562,0.28146416
Test_1449,0.0038058227,5.792339e-05,0.99492633,0.0027179916
Test_1450,0.9981088,8.493363e-06,0.0010392095,0.0013906591
Test_1451,0.09690166,0.002988555,0.010459631,0.82525605
Test_1452,0.29323292,0.12710078,0.4097479,0.19732988
Test_1453,0.0010349888,2.6861337e-06,0.99939036,0.0002485252
Test_1454,0.5221851,0.045863695,0.21990992,0.12629591
Test_1455,0.24696735,0.08840935,0.17730145,0.43649095
Test_1456,0.19811328,0.01395596,0.6549184,0.068290666
Test_1457,0.51311606,0.091988675,0.2118274,0.23002301
Test_1458,0.164525,0.073262766,0.20507018,0.5506188
Test_1459,2.7442456e-06,1.2384896e-10,0.99999946,6.6130144e-07
Test_1460,1.6838038e-07,1.274808e-12,1.0,4.357468e-08
Test_1461,0.04285035,0.0006505065,0.9618498,0.010832241
Test_1462,0.013324226,0.00040153883,0.98882955,0.0045862254
Test_1463,0.24346392,0.036029857,0.54313433,0.13019134
Test_1464,3.861136e-08,1.4503573e-13,1.0,9.789812e-10
Test_1465,0.12334406,0.022170553,0.5428615,0.22797014
Test_1466,0.1508846,0.0144312475,0.63119555,0.14855249
Test_1467,0.4818446,0.11220538,0.10915436,0.26165193
Test_1468,0.2511388,0.10687782,0.23606475,0.44025135
Test_1469,0.6237568,0.041877802,0.05569816,0.22202146
Test_1470,0.10818997,0.027441207,0.0626062,0.7541511
Test_1471,0.056011584,0.001513279,0.93578523,0.020638093
Test_1472,7.760926e-06,5.030569e-09,0.9999918,1.1327276e-05
Test_1473,0.8900808,0.0100978725,0.018138703,0.072296135
Test_1474,0.01708982,0.0009809734,0.9115301,0.044772472
Test_1475,2.8944709e-05,1.1503145e-08,0.99999475,4.666454e-06
Test_1476,0.16615407,0.081156544,0.24413395,0.4834571
Test_1477,0.10248729,0.05447849,0.124028206,0.69341934
Test_1478,2.1894213e-09,3.7392508e-16,1.0,2.2275919e-10
Test_1479,0.033246867,0.011559462,0.12235058,0.75858206
Test_1480,8.1763847e-07,7.9235826e-11,0.99999994,1.047096e-07
Test_1481,0.3386896,0.27450505,0.3155649,0.37083974
Test_1482,0.6183141,0.013146753,0.15597948,0.097537465
Test_1483,0.163737,0.049274504,0.18013297,0.51020133
Test_1484,0.29888466,0.06897582,0.4216707,0.0958141
Test_1485,0.9141094,0.000972645,0.034153756,0.011417467
Test_1486,0.03859421,0.0008228198,0.9644382,0.010283262
Test_1487,0.04717029,0.00072002894,0.8408653,0.06433251
Test_1488,0.0001384224,6.606673e-08,0.99997735,1.1929789e-05
Test_1489,0.07692177,0.0074180863,0.75242186,0.10652691
Test_1490,0.38513848,0.20967604,0.28352734,0.3226114
Test_1491,0.2503879,0.07615641,0.5036256,0.20813115
Test_1492,0.04632465,0.0014347387,0.9467384,0.018284312
Test_1493,0.39468843,0.11060205,0.29985833,0.21278302
Test_1494,0.95839036,0.006280134,0.009521029,0.034598798
Test_1495,0.96344614,0.0014754767,0.011776743,0.022299228
Test_1496,0.0635313,0.026354456,0.07143131,0.81521773
Test_1497,0.17487624,0.09760612,0.14891653,0.6274475
Test_1498,0.023302123,0.007014495,0.020359043,0.94404703
Test_1499,0.05588243,0.0051508998,0.90509903,0.02247095
Test_1500,0.10271245,0.0691412,0.06974814,0.7531108
Test_1501,0.3897611,0.21806416,0.1900685,0.2963385
Test_1502,0.3199458,0.16712838,0.16833398,0.35408962
Test_1503,0.3882243,0.100499995,0.15724276,0.28873724
Test_1504,1.084815e-05,4.8730056e-09,0.9999823,3.023896e-05
Test_1505,0.052493375,0.009921502,0.9104008,0.03434866
Test_1506,0.58013016,0.099610105,0.15772739,0.21338278
Test_1507,0.18430787,0.021444423,0.03841381,0.69727063
Test_1508,0.0732919,0.0021057194,0.73867816,0.09406384
Test_1509,0.19225252,0.113927245,0.3179362,0.4250863
Test_1510,0.10366215,0.010896961,0.80463195,0.06907791
Test_1511,0.30217078,0.15916255,0.20369829,0.4636634
Test_1512,0.42874494,0.10375736,0.2771663,0.23306647
Test_1513,0.2960602,0.1380583,0.39086723,0.19952483
Test_1514,0.3480853,0.025670892,0.42049605,0.16029441
Test_1515,0.014882129,0.00012320069,0.96574086,0.014121499
Test_1516,0.92123055,0.0050150882,0.026600294,0.05019131
Test_1517,0.00066816533,3.1192776e-06,0.99893034,0.0007273486
Test_1518,0.0482945,0.011805892,0.061725747,0.8244722
Test_1519,0.18509889,0.11642144,0.26068485,0.47848
Test_1520,0.13916525,0.07978973,0.11420309,0.6771047
Test_1521,0.9495788,0.0061235335,0.013772541,0.033004466
Test_1522,0.0010485427,1.6282225e-05,0.9996001,0.00019577771
Test_1523,0.24313359,0.0791019,0.25373647,0.38181445
Test_1524,0.9922771,0.0004932315,0.0017943172,0.008566928
Test_1525,0.9497004,0.023631433,0.0065229656,0.027017914
Test_1526,0.26027405,0.04173049,0.08748661,0.4488355
Test_1527,0.008736687,0.00014727566,0.9782608,0.011385451
Test_1528,0.35554394,0.20698908,0.23463365,0.36888868
Test_1529,0.00026594466,8.990552e-08,0.99987423,7.1184986e-05
Test_1530,0.6125909,0.07183501,0.13969019,0.1698978
Test_1531,2.826425e-05,1.570657e-08,0.9999888,9.724201e-06
Test_1532,0.7026251,0.050106782,0.105956644,0.16111861
Test_1533,8.853926e-06,1.3484646e-09,0.9999929,8.589489e-06
Test_1534,0.49393097,0.08502049,0.21063472,0.19400482
Test_1535,0.0010445314,3.2713886e-06,0.9994407,0.00024663817
Test_1536,0.7401235,0.0053837607,0.14279681,0.06741752
Test_1537,0.0076475246,0.0018926781,0.011858652,0.97171104
Test_1538,0.15757918,0.045411717,0.6121482,0.16764235
Test_1539,1.3601583e-05,1.0577036e-09,0.9999988,9.2139413e-07
Test_1540,0.17834835,0.042437892,0.3734818,0.3357701
Test_1541,0.70676994,0.09870837,0.07603963,0.121257074
Test_1542,0.18976712,0.06122309,0.29190248,0.38381433
Test_1543,0.016094128,0.00073517056,0.98497075,0.005852773
Test_1544,0.50260913,0.017194936,0.1831109,0.17454423
Test_1545,0.16806921,0.058486264,0.15992524,0.5965379
Test_1546,0.738859,0.014137372,0.12187281,0.13836892
Test_1547,0.3885533,0.035582617,0.041528936,0.5199726
Test_1548,0.12132534,0.03677305,0.15379561,0.5936798
Test_1549,0.30749345,0.06611473,0.0882569,0.52880025
Test_1550,0.18190911,0.03779547,0.05611287,0.6535026
Test_1551,0.071388565,0.009328415,0.65864885,0.17386062
Test_1552,0.15750664,0.07426156,0.1436427,0.6004578
Test_1553,0.4195239,0.00025116428,0.001378604,0.6491252
Test_1554,1.3271956e-06,4.3977898e-11,0.9999998,2.1177289e-07
Test_1555,0.20730367,0.06445282,0.4826068,0.24058981
Test_1556,0.0076155434,0.00017710548,0.9952056,0.0018332894
Test_1557,0.2547811,0.17081164,0.2575615,0.459101
Test_1558,0.303163,0.23117758,0.31606895,0.38216823
Test_1559,0.0005655379,3.6954773e-06,0.9991165,0.0007510143
Test_1560,0.71805495,0.031175356,0.11113532,0.19536352
Test_1561,0.023973044,0.0031470605,0.011666447,0.9242826
Test_1562,0.060353164,0.0028560085,0.8551791,0.052696906
Test_1563,2.291907e-05,2.5509637e-09,0.99996,4.2169446e-05
Test_1564,0.050577264,0.003613537,0.921487,0.028818667
Test_1565,0.24226291,0.07579177,0.52036875,0.16406524
Test_1566,0.091201864,0.03534783,0.16658615,0.64542115
Test_1567,4.2460574e-06,3.246504e-10,0.99999684,4.118491e-06
Test_1568,0.033225954,0.004021357,0.08045044,0.80909777
Test_1569,0.00027363427,2.0311187e-07,0.99991775,4.7256726e-05
Test_1570,0.32918006,0.008710873,0.40997776,0.058231067
Test_1571,0.0017496536,1.9549158e-05,0.9987334,0.0006406116
Test_1572,0.0481813,0.0014560568,0.74990493,0.11930663
Test_1573,0.4213222,0.010623283,0.02376989,0.35071117
Test_1574,0.03510632,0.0021372244,0.8723327,0.057437234
Test_1575,0.015154331,0.00017758759,0.988387,0.0041896203
Test_1576,0.320069,0.03629201,0.046700478,0.49050367
Test_1577,0.0005385613,9.683581e-07,0.9991005,0.0006327035
Test_1578,0.07839567,0.0055760215,0.8762798,0.044570457
Test_1579,0.0705492,0.02936895,0.078363284,0.7426746
Test_1580,0.326355,0.17564264,0.16301173,0.41120103
Test_1581,0.4030505,0.08424089,0.11735296,0.40613967
Test_1582,3.769104e-08,2.7118474e-13,1.0,9.062379e-08
Test_1583,1.8580643e-06,5.058797e-10,0.9999994,9.361967e-07
Test_1584,0.29492718,0.059326116,0.38197872,0.19993863
Test_1585,0.0015811034,3.2061696e-05,0.99846244,0.00088931236
Test_1586,0.6028341,0.005129753,0.22670476,0.04592848
Test_1587,0.00062792614,1.134094e-06,0.9998012,0.00010543047
Test_1588,0.59937847,0.0039916583,0.14756417,0.08243912
Test_1589,9.4418e-06,5.797318e-10,0.99999493,6.0686334e-06
Test_1590,0.133149,0.017525183,0.73648214,0.09577367
Test_1591,0.64808124,0.02929439,0.076035365,0.2560083
Test_1592,0.102828294,0.033821605,0.08135903,0.713616
Test_1593,0.6603925,0.022181317,0.03733345,0.19660981
Test_1594,0.578844,0.022945968,0.1496496,0.11953195
Test_1595,0.7033237,0.03475011,0.12483164,0.17038383
Test_1596,0.34920654,0.0338643,0.41555765,0.14247625
Test_1597,0.006811876,0.00010247472,0.99447286,0.0020648038
Test_1598,0.18246105,0.1062774,0.29292542,0.4526062
Test_1599,7.139198e-05,6.529006e-08,0.9999744,1.882582e-05
Test_1600,0.860986,0.015743734,0.04505257,0.10090414
Test_1601,0.2850613,0.14932635,0.26847145,0.33768103
Test_1602,0.052088447,0.009849954,0.07924782,0.71887356
Test_1603,6.8040084e-05,7.3945664e-08,0.99991083,9.077045e-05
Test_1604,0.021764686,0.0013372705,0.9577122,0.017881662
Test_1605,0.19583698,0.09928049,0.21943192,0.5374368
Test_1606,0.00026744127,9.378034e-07,0.99985635,9.411879e-05
Test_1607,0.3392323,0.060827885,0.23081128,0.29046807
Test_1608,0.00214651,3.536205e-05,0.9990908,0.0004203846
Test_1609,0.07533276,0.00081744045,0.9257302,0.02034363
Test_1610,0.39071885,0.1514512,0.2617684,0.32021287
Test_1611,0.07246813,0.009924426,0.667163,0.15079823
Test_1612,0.2971712,0.106803834,0.4244258,0.25773954
Test_1613,0.32892647,0.24526724,0.31760204,0.36575264
Test_1614,0.28884143,0.12849307,0.4239245,0.26170605
Test_1615,0.05694507,0.026152855,0.05351618,0.8484882
Test_1616,0.18592371,0.004914823,0.72215855,0.056117445
Test_1617,0.17685956,0.0273704,0.5658123,0.18512094
Test_1618,0.605099,0.017427174,0.19780764,0.054913186
Test_1619,0.31510413,0.15040341,0.3658112,0.29538286
Test_1620,0.013316343,0.0005439786,0.9848146,0.0059954855
Test_1621,0.3186096,0.10951505,0.25312743,0.35308492
Test_1622,0.50145847,0.12832832,0.2089053,0.2734687
Test_1623,0.467732,0.02434387,0.025255604,0.38531157
Test_1624,0.31035355,0.13215178,0.27382016,0.3410118
Test_1625,6.931788e-10,4.8278506e-16,1.0,3.8809417e-10
Test_1626,0.0671663,0.005922155,0.90082663,0.032594148
Test_1627,0.10550057,0.012891843,0.5678811,0.21448123
Test_1628,3.1669657e-05,1.5471146e-08,0.999994,4.622904e-06
Test_1629,0.23124917,0.0598047,0.42115617,0.19667265
Test_1630,0.27578813,0.055689372,0.34775877,0.29423904
Test_1631,0.019496752,0.0009883586,0.9318743,0.028362155
Test_1632,0.5245841,0.09991375,0.18958464,0.19971944
Test_1633,0.017209785,0.00026543523,0.9802523,0.0065982803
Test_1634,0.004514893,0.0001515077,0.99395037,0.0028969462
Test_1635,0.10398178,0.0076568625,0.83163667,0.05856288
Test_1636,0.026109736,0.0023418497,0.9373756,0.025470687
Test_1637,0.022113238,0.001390967,0.9258707,0.030213106
Test_1638,0.22619554,0.046971597,0.052207354,0.5877982
Test_1639,0.266449,0.010824803,0.39538053,0.12348506
Test_1640,0.91044134,0.004982466,0.028050546,0.04287234
Test_1641,0.44661045,0.052548636,0.2986959,0.20535032
Test_1642,0.64470494,0.08475273,0.11617607,0.1735976
Test_1643,0.07798683,0.0019522189,0.00048815133,0.9403429
Test_1644,9.281301e-06,9.416602e-10,0.9999968,3.1531767e-06
Test_1645,0.0026178278,0.00013372302,0.9960508,0.0024292173
Test_1646,1.2922231e-09,4.040473e-16,1.0,2.7245213e-11
Test_1647,0.7314795,0.021254394,0.10392377,0.10661568
Test_1648,0.0003594658,1.4640644e-06,0.99962986,0.00027191936
Test_1649,0.0007935552,5.051628e-06,0.99978596,0.00011169824
Test_1650,0.062358994,0.0032062486,0.708551,0.13619564
Test_1651,0.77389735,0.014349192,0.076390095,0.09408904
Test_1652,0.00013523304,2.0802055e-07,0.99997574,1.6288408e-05
Test_1653,0.008119212,0.000232047,0.9899328,0.004429484
Test_1654,0.02400273,0.001647224,0.9651375,0.014417053
Test_1655,0.25899196,0.16827534,0.23994757,0.4205388
Test_1656,0.040987443,0.002790376,0.91260433,0.029518478
Test_1657,0.5330356,0.06192479,0.18212694,0.07732124
Test_1658,0.0071801073,0.00022789463,0.99541694,0.0016918064
Test_1659,0.0601394,0.009445614,0.8615213,0.05394355
Test_1660,0.23135613,0.04487227,0.09588031,0.3711418
Test_1661,0.67908835,0.010026593,0.14120531,0.027012222
Test_1662,0.1279556,0.08077244,0.20306994,0.56117696
Test_1663,0.041051876,0.0031685794,0.9336231,0.025492035
Test_1664,0.42250878,0.25726432,0.21719097,0.2611837
Test_1665,0.28777003,0.051073987,0.4802744,0.15948784
Test_1666,3.730048e-12,1.03543125e-20,1.0,1.3652317e-13
Test_1667,0.4149248,0.006639267,0.009377172,0.45317182
Test_1668,0.27171624,0.08171283,0.2384387,0.34696585
Test_1669,0.00050311565,3.6854187e-06,0.999157,0.00063416053
Test_1670,0.14449008,0.055887364,0.17482358,0.627095
Test_1671,0.7578932,0.0001189858,0.15354738,0.003212892
Test_1672,0.35217416,0.03186888,0.1480287,0.32204753
Test_1673,0.25324532,0.14595528,0.28007916,0.381131
Test_1674,0.07195144,0.024051115,0.067300834,0.7924363
Test_1675,0.9999027,2.6839754e-07,5.2463176e-05,0.0004363939
Test_1676,0.0653049,0.0077138934,0.90478706,0.028443584
Test_1677,0.9789157,0.0027014252,0.0025842732,0.022619888
Test_1678,0.18651846,0.04628364,0.63366693,0.13430002
Test_1679,0.13097952,0.050258208,0.25884497,0.43392974
Test_1680,0.036696192,0.004992007,0.07931371,0.83037
Test_1681,0.0031371554,5.6713474e-05,0.99777275,0.0010823652
Test_1682,2.6796177e-05,2.6180624e-08,0.9999946,5.655426e-06
Test_1683,9.900411e-06,4.1526445e-09,0.9999963,4.048315e-06
Test_1684,0.4803555,0.112709425,0.2204689,0.25519502
Test_1685,0.29494655,0.1708718,0.30729604,0.37611634
Test_1686,0.446443,0.1545098,0.21914361,0.2032455
Test_1687,0.15043487,0.08910094,0.20041515,0.5578167
Test_1688,1.0657811e-06,1.0696908e-11,0.9999997,3.4072332e-07
Test_1689,0.4967967,0.008102563,0.013829341,0.29523578
Test_1690,0.35738364,0.083247274,0.35531852,0.25209683
Test_1691,0.6978836,0.023025911,0.031227116,0.20844276
Test_1692,0.14460649,0.00531013,0.28124264,0.24477632
Test_1693,0.048074454,0.032911565,0.018423697,0.8846552
Test_1694,2.8437396e-08,4.3979845e-14,1.0,2.7036466e-09
Test_1695,0.009453841,0.0003485436,0.9863578,0.0060706707
Test_1696,0.3504399,0.030294191,0.29905725,0.197232
Test_1697,0.00065678614,1.1495313e-06,0.9996136,0.00021801557
Test_1698,0.07696141,0.0052596997,0.58217967,0.11360984
Test_1699,0.18216538,0.050063238,0.07619226,0.6534487
Test_1700,0.33135122,0.024838535,0.039194956,0.5484951
Test_1701,0.013357938,0.0002989256,0.99008113,0.0036307147
Test_1702,0.10159863,0.010460352,0.8337997,0.04865141
Test_1703,0.06677732,0.010051259,0.75950414,0.10173902
Test_1704,0.35733277,0.013693908,0.023495816,0.47190234
Test_1705,0.085024826,0.011386711,0.41662675,0.29427564
Test_1706,0.48389632,0.018061977,0.28506166,0.102751285
Test_1707,0.3289165,0.20558463,0.3450773,0.335432
Test_1708,0.096282884,0.026094649,0.81307435,0.06618919
Test_1709,4.316149e-06,1.5288268e-09,0.99999577,6.264819e-06
Test_1710,0.0047860146,0.00010012557,0.9949406,0.0021583994
Test_1711,0.038082976,0.0007578156,0.9635018,0.011608063
Test_1712,0.23806989,0.0069777314,0.46959352,0.13597167
Test_1713,0.00018142139,1.1863076e-06,0.9995062,0.00046288763
Test_1714,0.58366805,0.13087817,0.13856415,0.18581846
Test_1715,0.010274157,0.00051811745,0.43383813,0.39557186
Test_1716,0.5172141,0.060321495,0.22886886,0.22558446
Test_1717,0.18869217,0.092995934,0.123316504,0.64308876
Test_1718,0.16223684,0.099711634,0.14876725,0.62638205
Test_1719,0.027083347,0.00039228742,0.87501186,0.054399196
Test_1720,0.3386896,0.27450505,0.3155649,0.37083974
Test_1721,0.23689114,0.042232204,0.46532905,0.19977754
Test_1722,0.07547164,0.009315961,0.10274421,0.45016262
Test_1723,0.86694306,0.015919236,0.049042895,0.07831426
Test_1724,0.29100147,0.052883897,0.47455558,0.21250533
Test_1725,7.2335597e-06,5.426935e-10,0.99999976,1.5154632e-07
Test_1726,0.88056713,0.021161424,0.0312088,0.07548451
Test_1727,0.5637264,0.24579352,0.11919376,0.12657425
Test_1728,0.2699383,0.16746923,0.39906427,0.29449117
Test_1729,0.022810563,0.0007772794,0.9653104,0.013395931
Test_1730,0.24220237,0.15412894,0.2792715,0.44393376
Test_1731,0.19052875,0.031284317,0.6124967,0.14534327
Test_1732,0.015961975,0.0005094956,0.9720119,0.012095041
Test_1733,0.49036586,0.08347893,0.13697408,0.31232524
Test_1734,0.016375728,0.0011867853,0.9501771,0.024553824
Test_1735,0.002312251,1.3095337e-05,0.9980049,0.00089032005
Test_1736,0.0443911,0.0043618022,0.7975413,0.06694662
Test_1737,0.0047629355,0.001097147,0.0051945844,0.9868063
Test_1738,0.116724245,0.06356647,0.08026633,0.75677246
Test_1739,0.14962885,0.019605355,0.12260556,0.51409346
Test_1740,6.537539e-09,6.3901834e-15,1.0,1.6137461e-10
Test_1741,0.28140196,0.08642852,0.121331684,0.42498186
Test_1742,0.002220655,6.1812775e-06,0.9937703,0.0022555208
Test_1743,0.035305906,0.0031845751,0.89306897,0.04430039
Test_1744,4.992028e-07,1.5024211e-11,0.99999994,4.2864926e-08
Test_1745,0.00085242453,6.973068e-06,0.9995771,0.00021955319
Test_1746,0.08156886,0.0039923955,0.8387495,0.057743702
Test_1747,0.32960865,0.22681172,0.2803324,0.39665368
Test_1748,0.20320812,0.064210735,0.5750037,0.17913337
Test_1749,0.017605437,0.0009803053,0.95518583,0.020370752
Test_1750,0.007943633,0.0019455779,0.008844395,0.97735286
Test_1751,0.0656494,0.02019485,0.066434026,0.73251915
Test_1752,0.5039638,0.07847606,0.23188628,0.23265384
Test_1753,0.7700787,0.02575176,0.06281893,0.13294487
Test_1754,0.08663622,0.005462906,0.010800893,0.88280344
Test_1755,0.29086995,0.20774855,0.3893102,0.29984885
Test_1756,0.07841725,0.01640808,0.8197777,0.06445406
Test_1757,0.26875195,0.02230046,0.062353086,0.5329489
Test_1758,0.5909354,0.06386006,0.16207121,0.22292218
Test_1759,0.7501434,0.05016078,0.06673094,0.13167734
Test_1760,0.1363994,0.009837939,0.79302317,0.05867579
Test_1761,0.57036394,0.016865538,0.08774948,0.17323746
Test_1762,0.0816453,0.012349313,0.83332425,0.056739848
Test_1763,0.0451876,0.003575976,0.93030113,0.024512792
Test_1764,0.015862497,7.449824e-05,0.9881834,0.0028839181
Test_1765,0.3637168,0.16538358,0.27013713,0.34804398
Test_1766,0.34807456,0.19750181,0.16312374,0.3411149
Test_1767,0.49055138,0.13468894,0.21857175,0.28169948
Test_1768,0.0010889212,4.022952e-06,0.99542636,0.0031558224
Test_1769,0.4475983,0.15987116,0.21682976,0.3232901
Test_1770,0.1946393,0.03825162,0.11854674,0.58326375
Test_1771,1.9733807e-05,4.817777e-09,0.99998724,1.1410847e-05
Test_1772,0.24830024,0.12225985,0.4712641,0.24448138
Test_1773,0.13778397,0.072704144,0.24854928,0.5200069
Test_1774,0.49443597,0.16054727,0.20057027,0.24882954
Test_1775,0.26610497,0.013854498,0.44122645,0.13046145
Test_1776,0.2794927,0.027470838,0.27653655,0.27580002
Test_1777,2.6827012e-05,1.27958275e-08,0.9999984,1.1113689e-06
Test_1778,0.3418253,0.21834603,0.28508878,0.34566653
Test_1779,0.0006056138,8.1408115e-07,0.9996867,0.00018103086
Test_1780,0.31511408,0.20278482,0.338529,0.34818226
Test_1781,0.33516628,0.27010334,0.3156136,0.37192893
Test_1782,0.020654775,0.00057002145,0.9505548,0.020772139
Test_1783,0.22576937,0.1444664,0.4893563,0.24290086
Test_1784,0.0045298943,0.00022973746,0.83456826,0.090679266
Test_1785,0.23965147,0.16034594,0.31706604,0.4049194
Test_1786,0.14546587,0.02835872,0.22704999,0.5208391
Test_1787,0.17505333,0.018028196,0.015242702,0.6821023
Test_1788,0.2954606,0.050378114,0.17470886,0.38881242
Test_1789,0.28006846,0.012640365,0.5251412,0.056100603
Test_1790,0.41267553,0.06562656,0.068576716,0.4168828
Test_1791,0.98236305,0.00031988753,0.0072233505,0.032561027
Test_1792,1.6257696e-05,4.3956896e-09,0.999976,2.8009075e-05
Test_1793,0.15832865,0.03112616,0.69172335,0.114355616
Test_1794,9.5006584e-07,3.065933e-11,0.9999995,7.397966e-07
Test_1795,0.13397221,0.06007408,0.17415589,0.5838443
Test_1796,0.012427501,0.00034890533,0.96686393,0.015669797
Test_1797,0.0007799772,4.097926e-06,0.9973688,0.00089040573
Test_1798,0.2008026,0.122261435,0.2514033,0.42758995
Test_1799,0.1843278,0.005981263,0.021927688,0.63033247
Test_1800,0.94556177,0.00024904605,0.024194075,0.0062062102
Test_1801,0.39558345,0.2558337,0.21557082,0.2849751
Test_1802,0.0024863903,3.0001844e-05,0.9981381,0.0007690589
Test_1803,0.05714496,0.004587342,0.70669514,0.14833993
Test_1804,0.026172688,0.0031878888,0.8990744,0.04788757
Test_1805,0.6325286,0.050529998,0.118018135,0.24109176
Test_1806,0.1656891,0.061539136,0.09442301,0.6649911
Test_1807,0.41933185,0.06662635,0.3024818,0.17666058
Test_1808,0.13452286,0.06263485,0.16494446,0.5926042
Test_1809,0.18918191,0.031344436,0.042288367,0.71766984
Test_1810,0.005219366,8.010153e-05,0.985136,0.007900654
Test_1811,0.6745212,0.0740716,0.10450008,0.17909883
Test_1812,0.02569611,0.0020809527,0.95053947,0.021490812
Test_1813,0.44727597,0.14629833,0.18848877,0.32714733
Test_1814,0.017462665,0.0013288701,0.93472,0.0347185
Test_1815,0.33214706,0.22695853,0.33512655,0.34701273
Test_1816,0.24632823,0.18135206,0.44601,0.27349642
Test_1817,0.20342396,0.10625383,0.37056103,0.32587233
Test_1818,0.2532365,0.060162965,0.49976906,0.13759434
Test_1819,0.8301958,0.028501693,0.046333183,0.10319614
Test_1820,0.018101206,0.004618218,0.019254994,0.95119053
